target_src,target_tgt,modulator_src,modulation_weight
0,1,6,0.500000
0,1,8,-0.500000
0,1,0,-0.500000
0,2,1,0.500000
0,2,5,-0.500000
0,3,6,0.500000
0,3,7,-0.500000
0,7,10,0.500000
0,9,8,0.500000
0,9,3,-0.500000
1,1,1,0.500000
1,1,2,-0.500000
1,2,2,-0.500000
1,5,10,-0.500000
1,7,10,-0.500000
1,8,0,0.500000
1,8,2,0.500000
1,9,7,0.500000
1,10,3,0.500000
2,1,5,0.500000
2,1,7,0.500000
2,5,7,-0.500000
2,5,1,-0.500000
2,6,4,0.500000
3,4,1,-0.500000
3,6,2,0.500000
3,8,9,0.500000
3,10,5,0.500000
4,1,9,0.500000
4,1,3,-0.500000
5,0,10,-0.500000
5,0,0,-0.500000
5,2,10,-0.500000
5,2,5,-0.500000
5,3,0,0.500000
6,3,4,0.500000
6,6,4,0.500000
6,6,6,-0.500000
6,6,1,-0.500000
6,7,8,0.500000
6,7,4,-0.500000
7,2,3,-0.500000
7,4,7,-0.500000
7,4,4,-0.500000
7,6,2,0.500000
7,6,9,-0.500000
8,1,9,0.500000
8,1,3,-0.500000
8,3,4,0.500000
8,3,0,0.500000
8,5,3,0.500000
8,7,4,-0.500000
8,7,7,-0.500000
8,8,4,-0.500000
8,10,9,0.500000
8,10,0,0.500000
9,0,3,-0.500000
9,4,2,0.500000
9,7,2,-0.500000
9,8,10,0.500000
9,8,0,-0.500000
9,9,7,-0.500000
10,0,10,0.500000
10,0,7,0.500000
10,0,9,-0.500000
10,1,0,0.500000
10,1,4,-0.500000
10,7,6,0.500000
10,9,2,0.500000
10,9,9,-0.500000
