tick,energy,eats,distance,conn_1_6_weight,conn_2_7_weight,conn_3_8_weight,conn_4_9_weight,food_north_sensed,food_east_sensed,food_south_sensed,food_west_sensed
0,30,0,0,0.050000,0.050000,0.050000,0.050000,0,0,0,0
1,29,0,0,0.050000,0.050000,0.050000,0.050000,0,0,0,0
2,27,0,1,0.050000,0.045885,0.050000,0.050000,0,0,1,0
3,25,0,2,0.050000,0.045666,0.046326,0.050000,0,0,0,1
4,23,0,3,0.050000,0.045666,0.046105,0.050000,0,0,0,0
5,29,1,3,0.050000,0.045666,0.046105,0.050000,0,0,0,0
6,27,1,4,0.050000,0.045666,0.043323,0.050000,0,0,0,1
7,25,1,5,0.050000,0.045666,0.040898,0.050000,0,0,0,1
8,29,2,5,0.050000,0.045666,0.037142,0.050000,0,0,0,1
9,27,2,6,0.050000,0.045666,0.036963,0.050000,0,0,0,0
10,25,2,7,0.050000,0.041293,0.033394,0.050000,0,0,1,1
11,23,2,8,0.050000,0.041095,0.033233,0.050000,0,0,0,0
12,29,3,8,0.050000,0.041095,0.033233,0.050000,0,0,0,0
13,27,3,9,0.050000,0.041095,0.031354,0.050000,0,0,0,1
14,25,3,10,0.050000,0.041095,0.031202,0.050000,0,0,0,0
15,23,3,11,0.050000,0.041095,0.029578,0.050000,0,0,0,1
16,21,3,12,0.050000,0.041095,0.029435,0.050000,0,0,0,0
17,19,3,13,0.050000,0.037142,0.026572,0.045231,1,0,1,1
18,18,3,13,0.050000,0.033394,0.023864,0.040702,1,0,1,1
19,17,3,13,0.050000,0.030013,0.021426,0.036608,1,0,1,1
20,15,3,14,0.050000,0.029867,0.020201,0.036432,0,0,0,1
21,29,4,14,0.050000,0.029867,0.018858,0.036432,0,0,0,1
22,27,4,15,0.045231,0.029867,0.016922,0.036432,0,1,0,1
23,25,4,16,0.045015,0.029867,0.016839,0.036432,0,0,0,0
24,29,5,16,0.045015,0.029867,0.016839,0.036432,0,0,0,0
25,27,5,17,0.045015,0.029867,0.015182,0.036432,0,0,0,1
26,25,5,18,0.045015,0.029867,0.015107,0.036432,0,0,0,0
27,23,5,19,0.040702,0.026964,0.015107,0.036432,0,1,1,0
28,21,5,20,0.040507,0.026833,0.014309,0.036432,0,0,0,1
29,29,6,20,0.040507,0.026833,0.013485,0.036432,0,0,0,1
30,27,6,21,0.040507,0.025306,0.013418,0.036432,0,0,1,0
31,25,6,22,0.040507,0.022724,0.013418,0.032912,1,0,1,0
32,23,6,23,0.040507,0.022613,0.013418,0.032753,0,0,0,0
33,29,7,23,0.040507,0.022613,0.013418,0.032753,0,0,0,0
34,27,7,24,0.040507,0.021113,0.013418,0.032753,0,0,1,0
35,25,7,25,0.040507,0.019905,0.013418,0.032753,0,0,1,0
36,23,7,26,0.040507,0.019808,0.013418,0.032753,0,0,0,0
37,21,7,27,0.040507,0.018490,0.013418,0.032753,0,0,1,0
38,19,7,28,0.040507,0.017430,0.012708,0.032753,0,0,1,1
39,29,8,28,0.040507,0.015638,0.011396,0.032753,0,0,1,1
40,27,8,29,0.040507,0.014739,0.011340,0.032753,0,0,1,0
41,29,9,29,0.040507,0.013286,0.011340,0.032753,0,0,1,0
42,27,9,30,0.038233,0.013221,0.010685,0.032753,0,1,0,1
43,29,10,30,0.034379,0.013221,0.009580,0.032753,0,1,0,1
44,28,10,30,0.030901,0.013221,0.008588,0.032753,0,1,0,1
45,26,10,31,0.030751,0.013221,0.008546,0.032753,0,0,0,0
46,29,11,31,0.030751,0.013221,0.008546,0.032753,0,0,0,0
47,27,11,32,0.030751,0.013221,0.008546,0.032753,0,0,0,0
48,25,11,33,0.030751,0.013221,0.008546,0.030901,1,0,0,0
49,23,11,34,0.030751,0.013221,0.008546,0.030751,0,0,0,0
50,21,11,35,0.030751,0.013221,0.008546,0.030751,0,0,0,0
51,19,11,36,0.030751,0.013221,0.008546,0.029008,1,0,0,0
52,17,11,37,0.030751,0.013221,0.008546,0.028867,0,0,0,0
53,29,12,37,0.030751,0.013221,0.008546,0.028867,0,0,0,0
54,27,12,38,0.027764,0.013221,0.008546,0.026059,1,1,0,0
55,25,12,39,0.027629,0.013221,0.008546,0.025932,0,0,0,0
56,23,12,40,0.027629,0.013221,0.008546,0.025932,0,0,0,0
57,21,12,41,0.027629,0.011915,0.008546,0.023402,1,0,1,0
58,19,12,42,0.027629,0.011857,0.008546,0.023287,0,0,0,0
59,17,12,43,0.027629,0.011857,0.007892,0.023287,0,0,0,1
60,15,12,44,0.027629,0.011857,0.007853,0.023287,0,0,0,0
61,13,12,45,0.027629,0.011857,0.007074,0.021010,1,0,0,1
62,11,12,46,0.024938,0.011857,0.007039,0.018858,1,1,0,0
63,10,12,46,0.022393,0.011857,0.007039,0.016922,1,1,0,0
64,8,12,47,0.022283,0.011857,0.006664,0.016839,0,0,0,1
65,29,13,47,0.022283,0.011857,0.006092,0.016839,0,0,0,1
66,27,13,48,0.022283,0.011857,0.006062,0.016839,0,0,0,0
67,25,13,49,0.022283,0.011857,0.006062,0.016839,0,0,0,0
68,23,13,50,0.022283,0.011857,0.006062,0.016839,0,0,0,0
69,21,13,51,0.022283,0.011857,0.006062,0.016839,0,0,0,0
70,19,13,52,0.022283,0.011857,0.006062,0.016839,0,0,0,0
71,17,13,53,0.022283,0.011857,0.006062,0.016839,0,0,0,0
72,15,13,54,0.022283,0.011857,0.006062,0.016839,0,0,0,0
73,13,13,55,0.022283,0.011857,0.006062,0.015562,1,0,0,0
74,11,13,56,0.022283,0.011857,0.005460,0.015485,0,0,0,1
75,9,13,57,0.022283,0.011857,0.005433,0.014666,1,0,0,0
76,7,13,58,0.021113,0.011857,0.005433,0.013822,1,1,0,0
77,29,14,58,0.018951,0.011857,0.005433,0.012397,1,1,0,0
78,27,14,59,0.017864,0.011857,0.005433,0.012336,0,1,0,0
79,29,15,59,0.016592,0.011857,0.005433,0.012336,0,1,0,0
80,27,15,60,0.015107,0.011857,0.005433,0.012336,0,1,0,0
81,25,15,61,0.014238,0.011857,0.005433,0.011682,1,1,0,0
82,29,16,61,0.012771,0.011857,0.005433,0.010475,1,1,0,0
83,28,16,61,0.011453,0.011857,0.005433,0.009391,1,1,0,0
84,26,16,62,0.011396,0.011857,0.005433,0.009345,0,0,0,0
85,29,17,62,0.011396,0.011857,0.005433,0.009345,0,0,0,0
86,27,17,63,0.011396,0.011857,0.005433,0.009345,0,0,0,0
87,25,17,64,0.011396,0.011857,0.005433,0.009345,0,0,0,0
88,23,17,65,0.010632,0.011857,0.005433,0.009345,0,1,0,0
89,21,17,66,0.010579,0.011857,0.005433,0.009345,0,0,0,0
90,19,17,67,0.010579,0.011857,0.005433,0.009345,0,0,0,0
91,17,17,68,0.010579,0.011857,0.005143,0.009345,0,0,0,1
92,15,17,69,0.010579,0.011857,0.005117,0.009345,0,0,0,0
93,29,18,69,0.010579,0.011857,0.005117,0.009345,0,0,0,0
94,27,18,70,0.010017,0.011857,0.005117,0.009345,0,1,0,0
95,25,18,71,0.009968,0.011172,0.005117,0.009345,0,0,1,0
96,29,19,71,0.009968,0.010117,0.005117,0.009345,0,0,1,0
97,27,19,72,0.009968,0.009345,0.005117,0.009345,0,0,1,0
98,25,19,73,0.009438,0.009299,0.004844,0.009345,0,1,0,1
99,29,20,73,0.008461,0.009299,0.004340,0.008419,1,1,0,1
100,27,20,74,0.008419,0.009299,0.004319,0.008377,0,0,0,0
101,25,20,75,0.008419,0.008377,0.003889,0.008377,0,0,1,1
102,23,20,76,0.008419,0.008336,0.003870,0.008377,0,0,0,0
103,29,21,76,0.008419,0.008336,0.003870,0.008377,0,0,0,0
104,27,21,77,0.008419,0.008336,0.003870,0.008377,0,0,0,0
105,25,21,78,0.008419,0.008336,0.003870,0.008377,0,0,0,0
106,23,21,79,0.008419,0.008336,0.003572,0.008377,0,0,0,1
107,21,21,80,0.008419,0.008336,0.003555,0.008377,0,0,0,0
108,29,22,80,0.008419,0.008336,0.003555,0.008377,0,0,0,0
109,27,22,81,0.008419,0.008336,0.003555,0.008377,0,0,0,0
110,25,22,82,0.008419,0.008336,0.003555,0.008377,0,0,0,0
111,23,22,83,0.008419,0.008336,0.003555,0.008377,0,0,0,0
112,21,22,84,0.008419,0.008336,0.003555,0.008377,0,0,0,0
113,19,22,85,0.008419,0.008336,0.003365,0.008377,0,0,0,1
114,29,23,85,0.008419,0.008336,0.003014,0.008377,0,0,0,1
115,27,23,86,0.008419,0.008336,0.002741,0.008377,0,0,0,1
116,25,23,87,0.008419,0.007892,0.002728,0.008377,0,0,1,0
117,29,24,87,0.008419,0.007288,0.002728,0.008377,0,0,1,0
118,27,24,88,0.008419,0.007252,0.002569,0.008377,0,0,0,1
119,25,24,89,0.008419,0.007252,0.002556,0.008377,0,0,0,0
120,23,24,90,0.008419,0.007252,0.002556,0.008377,0,0,0,0
121,21,24,91,0.008419,0.007252,0.002556,0.008377,0,0,0,0
122,19,24,92,0.008419,0.007252,0.002556,0.008377,0,0,0,0
123,17,24,93,0.008419,0.007252,0.002556,0.008377,0,0,0,0
124,15,24,94,0.008419,0.006532,0.002301,0.008377,0,0,1,1
125,13,24,95,0.008419,0.006500,0.002290,0.008377,0,0,0,0
126,11,24,96,0.008419,0.006500,0.002167,0.008377,0,0,0,1
127,9,24,97,0.007584,0.005854,0.002156,0.008377,0,1,1,0
128,7,24,98,0.007547,0.005515,0.002156,0.008377,0,0,1,0
129,29,25,98,0.007547,0.005168,0.002156,0.008377,0,0,1,0
130,27,25,99,0.007547,0.004748,0.002156,0.008377,0,0,1,0
131,25,25,100,0.007547,0.004255,0.001941,0.008377,0,0,1,1
132,23,25,101,0.007547,0.003967,0.001932,0.008377,0,0,1,0
133,21,25,102,0.007547,0.003948,0.001932,0.008377,0,0,0,0
134,19,25,103,0.007547,0.003948,0.001783,0.008377,0,0,0,1
135,17,25,104,0.006969,0.003948,0.001774,0.008377,0,1,0,0
136,15,25,105,0.006935,0.003948,0.001774,0.007932,1,0,0,0
137,29,26,105,0.006935,0.003948,0.001774,0.007472,1,0,0,0
138,27,26,106,0.006935,0.003948,0.001774,0.007435,0,0,0,0
139,25,26,107,0.006565,0.003948,0.001774,0.007435,0,1,0,0
140,23,26,108,0.006532,0.003948,0.001774,0.007435,0,0,0,0
141,21,26,109,0.006532,0.003948,0.001671,0.007435,0,0,0,1
142,19,26,110,0.006532,0.003948,0.001662,0.007435,0,0,0,0
143,17,26,111,0.006532,0.003948,0.001662,0.006764,1,0,0,0
144,15,26,112,0.006532,0.003948,0.001662,0.006372,1,0,0,0
145,29,27,112,0.006532,0.003948,0.001662,0.005884,1,0,0,0
146,27,27,113,0.006532,0.003948,0.001662,0.005854,0,0,0,0
147,25,27,114,0.006532,0.003948,0.001662,0.005433,1,0,0,0
148,23,27,115,0.006532,0.003948,0.001662,0.005406,0,0,0,0
149,21,27,116,0.006532,0.003948,0.001662,0.005406,0,0,0,0
150,19,27,117,0.006532,0.003948,0.001662,0.005406,0,0,0,0
151,17,27,118,0.006532,0.003555,0.001662,0.004868,1,0,1,0
152,15,27,119,0.006532,0.003537,0.001662,0.004844,0,0,0,0
153,29,28,119,0.006532,0.003537,0.001662,0.004844,0,0,0,0
154,27,28,120,0.006184,0.003537,0.001662,0.004844,0,1,0,0
155,25,28,121,0.006153,0.003537,0.001662,0.004362,1,0,0,0
156,23,28,122,0.005739,0.003537,0.001662,0.004340,0,1,0,0
157,21,28,123,0.005710,0.003537,0.001662,0.004340,0,0,0,0
158,29,29,123,0.005710,0.003537,0.001662,0.004340,0,0,0,0
159,27,29,124,0.005710,0.003537,0.001662,0.004340,0,0,0,0
160,25,29,125,0.005710,0.003537,0.001662,0.004340,0,0,0,0
161,23,29,126,0.005710,0.003537,0.001662,0.004340,0,0,0,0
162,21,29,127,0.005710,0.003537,0.001662,0.004340,0,0,0,0
163,19,29,128,0.005710,0.003537,0.001662,0.004340,0,0,0,0
164,17,29,129,0.005710,0.003537,0.001662,0.004340,0,0,0,0
165,15,29,130,0.005710,0.003537,0.001662,0.004340,0,0,0,0
166,13,29,131,0.005710,0.003282,0.001662,0.004340,0,0,1,0
167,11,29,132,0.005710,0.003265,0.001662,0.004340,0,0,0,0
168,29,30,132,0.005710,0.003265,0.001662,0.004340,0,0,0,0
169,27,30,133,0.005710,0.003265,0.001662,0.004340,0,0,0,0
170,25,30,134,0.005710,0.003265,0.001662,0.004340,0,0,0,0
171,23,30,135,0.005710,0.003265,0.001662,0.004340,0,0,0,0
172,21,30,136,0.005710,0.003265,0.001662,0.004340,0,0,0,0
173,19,30,137,0.005710,0.002940,0.001497,0.004340,0,0,1,1
174,17,30,138,0.005710,0.002925,0.001489,0.004340,0,0,0,0
175,15,30,139,0.005710,0.002714,0.001489,0.004340,0,0,1,0
176,13,30,140,0.005710,0.002700,0.001489,0.004340,0,0,0,0
177,11,30,141,0.005710,0.002700,0.001489,0.004340,0,0,0,0
178,9,30,142,0.005710,0.002700,0.001489,0.004340,0,0,0,0
179,7,30,143,0.005710,0.002700,0.001489,0.004340,0,0,0,0
180,5,30,144,0.005710,0.002700,0.001489,0.004340,0,0,0,0
181,3,30,145,0.005325,0.002700,0.001489,0.004340,0,1,0,0
182,1,30,146,0.005299,0.002700,0.001489,0.004340,0,0,0,0
183,29,31,146,0.005299,0.002700,0.001489,0.004340,0,0,0,0
184,27,31,147,0.005299,0.002700,0.001489,0.004340,0,0,0,0
185,25,31,148,0.005299,0.002700,0.001341,0.003908,1,0,0,1
186,23,31,149,0.005299,0.002700,0.001334,0.003889,0,0,0,0
187,21,31,150,0.005299,0.002700,0.001334,0.003889,0,0,0,0
188,19,31,151,0.005299,0.002700,0.001334,0.003889,0,0,0,0
189,17,31,152,0.005299,0.002700,0.001334,0.003572,1,0,0,0
190,15,31,153,0.005299,0.002700,0.001334,0.003555,0,0,0,0
191,13,31,154,0.005299,0.002431,0.001201,0.003555,0,0,1,1
192,12,31,154,0.005299,0.002178,0.001075,0.003555,0,0,1,1
193,10,31,155,0.005299,0.002167,0.001070,0.003555,0,0,0,0
194,8,31,156,0.005299,0.002167,0.001070,0.003555,0,0,0,0
195,6,31,157,0.005299,0.002167,0.001070,0.003555,0,0,0,0
196,4,31,158,0.005299,0.002167,0.001070,0.003555,0,0,0,0
197,2,31,159,0.005299,0.002167,0.001070,0.003555,0,0,0,0
198,0,31,160,0.005299,0.001951,0.000963,0.003555,0,0,1,1
