tick,food_sensed_N,food_sensed_E,food_sensed_S,food_sensed_W,movement,food_consumed,energy,manhattan_dist,decision_made,conn_0_5,conn_1_6,conn_1_10,conn_2_7,conn_2_10,conn_3_8,conn_3_10,conn_4_9,conn_4_10,conn_10_6,conn_10_7,conn_10_8,conn_10_9
0,0,0,0,0,stay,0,30,0,0,1.000000,0.600000,-0.600000,0.600000,-0.600000,0.600000,-0.600000,0.600000,-0.600000,0.600000,0.600000,0.600000,0.600000
1,1,1,0,1,stay,0,29,0,1,1.000000,0.600000,-0.600000,0.600000,-0.600000,0.600000,-0.600000,0.600000,-0.600000,0.600000,0.600000,0.600000,0.600000
2,1,1,0,1,stay,1,29,0,1,1.000000,0.600000,-0.600000,0.600000,-0.600000,0.600000,-0.600000,0.600000,-0.600000,0.600000,0.600000,0.600000,0.600000
3,1,0,0,1,W,0,27,1,1,1.000000,0.600000,-0.600000,0.600000,-0.600000,0.600000,-0.600000,0.600000,-0.600000,0.600000,0.600000,0.600000,0.600000
4,1,0,0,1,stay,1,29,1,1,1.000000,0.600000,-0.600000,0.600000,-0.600000,0.600000,-0.600000,0.600000,-0.600000,0.600000,0.600000,0.600000,0.600000
5,0,0,0,0,W,0,27,2,1,1.000000,0.600000,-0.600000,0.600000,-0.600000,0.600000,-0.600000,0.600000,-0.600000,0.600000,0.600000,0.600000,0.600000
6,0,0,0,0,stay,1,29,2,1,1.000000,0.600000,-0.600000,0.600000,-0.600000,0.600000,-0.600000,0.600000,-0.600000,0.600000,0.600000,0.600000,0.600000
7,1,0,0,1,W,0,27,3,1,1.000000,0.600000,-0.600000,0.600000,-0.600000,0.600000,-0.600000,0.600000,-0.600000,0.600000,0.600000,0.600000,0.600000
8,0,0,1,0,W,0,25,4,1,1.000000,0.600000,-0.600000,0.600000,-0.600000,0.600000,-0.600000,0.600000,-0.600000,0.600000,0.600000,0.600000,0.600000
9,0,0,1,0,stay,1,29,4,1,1.000000,0.600000,-0.600000,0.600000,-0.600000,0.600000,-0.600000,0.600000,-0.600000,0.600000,0.600000,0.600000,0.600000
10,0,0,0,0,S,0,27,5,1,1.000000,0.600000,-0.600000,0.600000,-0.600000,0.600000,-0.600000,0.600000,-0.600000,0.600000,0.600000,0.600000,0.600000
11,0,0,0,0,stay,1,29,5,1,1.000000,0.600000,-0.600000,0.600000,-0.600000,0.600000,-0.600000,0.600000,-0.600000,0.600000,0.600000,0.600000,0.600000
12,0,0,0,0,N,0,27,4,1,1.000000,0.600000,-0.600000,0.600000,-0.600000,0.600000,-0.600000,0.600000,-0.600000,0.600000,0.600000,0.600000,0.600000
13,1,0,0,0,W,0,25,5,1,1.000000,0.600000,-0.600000,0.600000,-0.600000,0.600000,-0.600000,0.600000,-0.600000,0.600000,0.600000,0.600000,0.600000
14,0,0,0,0,N,0,23,6,1,1.000000,0.600000,-0.600000,0.600000,-0.600000,0.600000,-0.600000,0.600000,-0.600000,0.600000,0.600000,0.600000,0.600000
15,0,0,0,0,stay,1,29,6,1,1.000000,0.600000,-0.600000,0.600000,-0.600000,0.600000,-0.600000,0.600000,-0.600000,0.600000,0.600000,0.600000,0.600000
16,0,0,0,0,S,0,27,5,1,1.000000,0.600000,-0.600000,0.600000,-0.600000,0.600000,-0.600000,0.600000,-0.600000,0.600000,0.600000,0.600000,0.600000
17,0,0,0,0,E,0,25,4,1,1.000000,0.600000,-0.600000,0.600000,-0.600000,0.600000,-0.600000,0.600000,-0.600000,0.600000,0.600000,0.600000,0.600000
18,1,1,0,0,N,0,23,5,1,1.000000,0.600000,-0.600000,0.600000,-0.600000,0.600000,-0.600000,0.600000,-0.600000,0.600000,0.600000,0.600000,0.600000
19,0,1,0,0,N,0,21,6,1,1.000000,0.600000,-0.600000,0.600000,-0.600000,0.600000,-0.600000,0.600000,-0.600000,0.600000,0.600000,0.600000,0.600000
20,0,1,0,0,stay,1,29,6,1,1.000000,0.600000,-0.600000,0.600000,-0.600000,0.600000,-0.600000,0.600000,-0.600000,0.600000,0.600000,0.600000,0.600000
21,0,0,1,0,E,0,27,5,1,1.000000,0.600000,-0.600000,0.600000,-0.600000,0.600000,-0.600000,0.600000,-0.600000,0.600000,0.600000,0.600000,0.600000
22,0,0,1,0,stay,1,29,5,1,1.000000,0.600000,-0.600000,0.600000,-0.600000,0.600000,-0.600000,0.600000,-0.600000,0.600000,0.600000,0.600000,0.600000
23,0,0,0,0,S,0,27,4,1,1.000000,0.600000,-0.600000,0.600000,-0.600000,0.600000,-0.600000,0.600000,-0.600000,0.600000,0.600000,0.600000,0.600000
24,0,0,0,0,stay,1,29,4,1,1.000000,0.600000,-0.600000,0.600000,-0.600000,0.600000,-0.600000,0.600000,-0.600000,0.600000,0.600000,0.600000,0.600000
25,0,0,0,0,W,0,27,5,1,1.000000,0.600000,-0.600000,0.600000,-0.600000,0.600000,-0.600000,0.600000,-0.600000,0.600000,0.600000,0.600000,0.600000
26,0,0,0,0,S,0,25,4,1,1.000000,0.600000,-0.600000,0.600000,-0.600000,0.600000,-0.600000,0.600000,-0.600000,0.600000,0.600000,0.600000,0.600000
27,0,0,0,0,S,0,23,5,1,1.000000,0.600000,-0.600000,0.600000,-0.600000,0.600000,-0.600000,0.600000,-0.600000,0.600000,0.600000,0.600000,0.600000
28,0,1,1,1,S,0,21,6,1,1.000000,0.600000,-0.600000,0.600000,-0.600000,0.600000,-0.600000,0.600000,-0.600000,0.600000,0.600000,0.600000,0.600000
29,0,0,0,0,W,0,19,7,1,1.000000,0.600000,-0.600000,0.600000,-0.600000,0.600000,-0.600000,0.600000,-0.600000,0.600000,0.600000,0.600000,0.600000
30,0,0,0,0,stay,1,29,7,1,1.000000,0.600000,-0.600000,0.600000,-0.600000,0.600000,-0.600000,0.600000,-0.600000,0.600000,0.600000,0.600000,0.600000
31,0,1,1,0,E,0,27,6,1,1.000000,0.600000,-0.600000,0.600000,-0.600000,0.600000,-0.600000,0.600000,-0.600000,0.600000,0.600000,0.600000,0.600000
32,0,1,1,0,S,0,25,7,1,1.000000,0.600000,-0.600000,0.600000,-0.600000,0.600000,-0.600000,0.600000,-0.600000,0.600000,0.600000,0.600000,0.600000
33,0,1,1,0,stay,1,29,7,1,1.000000,0.600000,-0.600000,0.600000,-0.600000,0.600000,-0.600000,0.600000,-0.600000,0.600000,0.600000,0.600000,0.600000
34,0,1,1,0,S,0,27,8,1,1.000000,0.600000,-0.600000,0.600000,-0.600000,0.600000,-0.600000,0.600000,-0.600000,0.600000,0.600000,0.600000,0.600000
35,0,1,1,0,stay,1,29,8,1,1.000000,0.600000,-0.600000,0.600000,-0.600000,0.600000,-0.600000,0.600000,-0.600000,0.600000,0.600000,0.600000,0.600000
36,1,1,0,0,E,0,27,7,1,1.000000,0.600000,-0.600000,0.600000,-0.600000,0.600000,-0.600000,0.600000,-0.600000,0.600000,0.600000,0.600000,0.600000
37,1,1,0,0,stay,1,29,7,1,1.000000,0.600000,-0.600000,0.600000,-0.600000,0.600000,-0.600000,0.600000,-0.600000,0.600000,0.600000,0.600000,0.600000
38,0,1,1,0,E,0,27,6,1,1.000000,0.600000,-0.600000,0.600000,-0.600000,0.600000,-0.600000,0.600000,-0.600000,0.600000,0.600000,0.600000,0.600000
39,0,1,1,0,stay,1,29,6,1,1.000000,0.600000,-0.600000,0.600000,-0.600000,0.600000,-0.600000,0.600000,-0.600000,0.600000,0.600000,0.600000,0.600000
40,0,1,0,0,S,0,27,7,1,1.000000,0.600000,-0.600000,0.600000,-0.600000,0.600000,-0.600000,0.600000,-0.600000,0.600000,0.600000,0.600000,0.600000
41,0,1,0,0,stay,1,29,7,1,1.000000,0.600000,-0.600000,0.600000,-0.600000,0.600000,-0.600000,0.600000,-0.600000,0.600000,0.600000,0.600000,0.600000
42,1,0,1,0,E,0,27,6,1,1.000000,0.600000,-0.600000,0.600000,-0.600000,0.600000,-0.600000,0.600000,-0.600000,0.600000,0.600000,0.600000,0.600000
43,1,0,1,0,stay,1,29,6,1,1.000000,0.600000,-0.600000,0.600000,-0.600000,0.600000,-0.600000,0.600000,-0.600000,0.600000,0.600000,0.600000,0.600000
44,0,0,0,0,N,0,27,5,1,1.000000,0.600000,-0.600000,0.600000,-0.600000,0.600000,-0.600000,0.600000,-0.600000,0.600000,0.600000,0.600000,0.600000
45,0,0,0,0,stay,1,29,5,1,1.000000,0.600000,-0.600000,0.600000,-0.600000,0.600000,-0.600000,0.600000,-0.600000,0.600000,0.600000,0.600000,0.600000
46,1,0,0,0,E,0,27,4,1,1.000000,0.600000,-0.600000,0.600000,-0.600000,0.600000,-0.600000,0.600000,-0.600000,0.600000,0.600000,0.600000,0.600000
47,0,1,0,0,N,0,25,3,1,1.000000,0.600000,-0.600000,0.600000,-0.600000,0.600000,-0.600000,0.600000,-0.600000,0.600000,0.600000,0.600000,0.600000
48,0,1,0,0,stay,1,29,3,1,1.000000,0.600000,-0.600000,0.600000,-0.600000,0.600000,-0.600000,0.600000,-0.600000,0.600000,0.600000,0.600000,0.600000
49,0,0,0,0,E,0,27,4,1,1.000000,0.600000,-0.600000,0.600000,-0.600000,0.600000,-0.600000,0.600000,-0.600000,0.600000,0.600000,0.600000,0.600000
50,0,0,0,0,stay,1,29,4,1,1.000000,0.600000,-0.600000,0.600000,-0.600000,0.600000,-0.600000,0.600000,-0.600000,0.600000,0.600000,0.600000,0.600000
51,0,0,0,0,S,0,27,5,1,1.000000,0.600000,-0.600000,0.600000,-0.600000,0.600000,-0.600000,0.600000,-0.600000,0.600000,0.600000,0.600000,0.600000
52,0,0,0,0,W,0,25,4,1,1.000000,0.600000,-0.600000,0.600000,-0.600000,0.600000,-0.600000,0.600000,-0.600000,0.600000,0.600000,0.600000,0.600000
53,0,0,0,0,S,0,23,5,1,1.000000,0.600000,-0.600000,0.600000,-0.600000,0.600000,-0.600000,0.600000,-0.600000,0.600000,0.600000,0.600000,0.600000
54,0,0,0,0,N,0,21,4,1,1.000000,0.600000,-0.600000,0.600000,-0.600000,0.600000,-0.600000,0.600000,-0.600000,0.600000,0.600000,0.600000,0.600000
55,0,0,0,0,S,0,19,5,1,1.000000,0.600000,-0.600000,0.600000,-0.600000,0.600000,-0.600000,0.600000,-0.600000,0.600000,0.600000,0.600000,0.600000
56,0,1,1,0,E,0,17,6,1,1.000000,0.600000,-0.600000,0.600000,-0.600000,0.600000,-0.600000,0.600000,-0.600000,0.600000,0.600000,0.600000,0.600000
57,0,0,0,0,E,0,15,7,1,1.000000,0.600000,-0.600000,0.600000,-0.600000,0.600000,-0.600000,0.600000,-0.600000,0.600000,0.600000,0.600000,0.600000
58,0,0,0,0,stay,1,29,7,1,1.000000,0.600000,-0.600000,0.600000,-0.600000,0.600000,-0.600000,0.600000,-0.600000,0.600000,0.600000,0.600000,0.600000
59,0,0,1,0,W,0,27,6,1,1.000000,0.600000,-0.600000,0.600000,-0.600000,0.600000,-0.600000,0.600000,-0.600000,0.600000,0.600000,0.600000,0.600000
60,0,0,1,0,S,0,25,7,1,1.000000,0.600000,-0.600000,0.600000,-0.600000,0.600000,-0.600000,0.600000,-0.600000,0.600000,0.600000,0.600000,0.600000
61,0,0,1,0,stay,1,29,7,1,1.000000,0.600000,-0.600000,0.600000,-0.600000,0.600000,-0.600000,0.600000,-0.600000,0.600000,0.600000,0.600000,0.600000
62,0,0,0,0,S,0,27,8,1,1.000000,0.600000,-0.600000,0.600000,-0.600000,0.600000,-0.600000,0.600000,-0.600000,0.600000,0.600000,0.600000,0.600000
63,0,0,0,0,stay,1,29,8,1,1.000000,0.600000,-0.600000,0.600000,-0.600000,0.600000,-0.600000,0.600000,-0.600000,0.600000,0.600000,0.600000,0.600000
64,0,0,0,0,S,0,27,9,1,1.000000,0.600000,-0.600000,0.600000,-0.600000,0.600000,-0.600000,0.600000,-0.600000,0.600000,0.600000,0.600000,0.600000
65,0,0,1,0,E,0,25,10,1,1.000000,0.600000,-0.600000,0.600000,-0.600000,0.600000,-0.600000,0.600000,-0.600000,0.600000,0.600000,0.600000,0.600000
66,0,0,0,0,S,0,23,11,1,1.000000,0.600000,-0.600000,0.600000,-0.600000,0.600000,-0.600000,0.600000,-0.600000,0.600000,0.600000,0.600000,0.600000
67,0,0,0,0,stay,1,29,11,1,1.000000,0.600000,-0.600000,0.600000,-0.600000,0.600000,-0.600000,0.600000,-0.600000,0.600000,0.600000,0.600000,0.600000
68,0,0,0,1,W,0,27,10,1,1.000000,0.600000,-0.600000,0.600000,-0.600000,0.600000,-0.600000,0.600000,-0.600000,0.600000,0.600000,0.600000,0.600000
69,0,0,1,0,W,0,25,9,1,1.000000,0.600000,-0.600000,0.600000,-0.600000,0.600000,-0.600000,0.600000,-0.600000,0.600000,0.600000,0.600000,0.600000
70,0,0,1,0,stay,1,29,9,1,1.000000,0.600000,-0.600000,0.600000,-0.600000,0.600000,-0.600000,0.600000,-0.600000,0.600000,0.600000,0.600000,0.600000
71,0,0,0,0,S,0,27,10,1,1.000000,0.600000,-0.600000,0.600000,-0.600000,0.600000,-0.600000,0.600000,-0.600000,0.600000,0.600000,0.600000,0.600000
72,0,0,0,0,stay,1,29,10,1,1.000000,0.600000,-0.600000,0.600000,-0.600000,0.600000,-0.600000,0.600000,-0.600000,0.600000,0.600000,0.600000,0.600000
73,0,1,0,0,S,0,27,11,1,1.000000,0.600000,-0.600000,0.600000,-0.600000,0.600000,-0.600000,0.600000,-0.600000,0.600000,0.600000,0.600000,0.600000
74,0,1,0,0,E,0,25,12,1,1.000000,0.600000,-0.600000,0.600000,-0.600000,0.600000,-0.600000,0.600000,-0.600000,0.600000,0.600000,0.600000,0.600000
75,0,1,0,0,stay,1,29,12,1,1.000000,0.600000,-0.600000,0.600000,-0.600000,0.600000,-0.600000,0.600000,-0.600000,0.600000,0.600000,0.600000,0.600000
76,0,0,0,0,E,0,27,13,1,1.000000,0.600000,-0.600000,0.600000,-0.600000,0.600000,-0.600000,0.600000,-0.600000,0.600000,0.600000,0.600000,0.600000
77,0,0,0,0,stay,1,29,13,1,1.000000,0.600000,-0.600000,0.600000,-0.600000,0.600000,-0.600000,0.600000,-0.600000,0.600000,0.600000,0.600000,0.600000
78,0,0,0,0,W,0,27,12,1,1.000000,0.600000,-0.600000,0.600000,-0.600000,0.600000,-0.600000,0.600000,-0.600000,0.600000,0.600000,0.600000,0.600000
79,0,0,0,0,N,0,25,11,1,1.000000,0.600000,-0.600000,0.600000,-0.600000,0.600000,-0.600000,0.600000,-0.600000,0.600000,0.600000,0.600000,0.600000
80,0,0,0,0,W,0,23,10,1,1.000000,0.600000,-0.600000,0.600000,-0.600000,0.600000,-0.600000,0.600000,-0.600000,0.600000,0.600000,0.600000,0.600000
81,0,0,0,0,W,0,21,11,1,1.000000,0.600000,-0.600000,0.600000,-0.600000,0.600000,-0.600000,0.600000,-0.600000,0.600000,0.600000,0.600000,0.600000
82,0,0,0,0,S,0,19,12,1,1.000000,0.600000,-0.600000,0.600000,-0.600000,0.600000,-0.600000,0.600000,-0.600000,0.600000,0.600000,0.600000,0.600000
83,0,0,0,0,E,0,17,11,1,1.000000,0.600000,-0.600000,0.600000,-0.600000,0.600000,-0.600000,0.600000,-0.600000,0.600000,0.600000,0.600000,0.600000
84,0,0,0,0,E,0,15,12,1,1.000000,0.600000,-0.600000,0.600000,-0.600000,0.600000,-0.600000,0.600000,-0.600000,0.600000,0.600000,0.600000,0.600000
85,0,0,0,0,N,0,13,11,1,1.000000,0.600000,-0.600000,0.600000,-0.600000,0.600000,-0.600000,0.600000,-0.600000,0.600000,0.600000,0.600000,0.600000
86,0,1,0,0,E,0,11,12,1,1.000000,0.600000,-0.600000,0.600000,-0.600000,0.600000,-0.600000,0.600000,-0.600000,0.600000,0.600000,0.600000,0.600000
87,0,0,0,0,E,0,9,13,1,1.000000,0.600000,-0.600000,0.600000,-0.600000,0.600000,-0.600000,0.600000,-0.600000,0.600000,0.600000,0.600000,0.600000
88,0,0,0,0,stay,1,29,13,1,1.000000,0.600000,-0.600000,0.600000,-0.600000,0.600000,-0.600000,0.600000,-0.600000,0.600000,0.600000,0.600000,0.600000
89,0,0,0,0,W,0,27,12,1,1.000000,0.600000,-0.600000,0.600000,-0.600000,0.600000,-0.600000,0.600000,-0.600000,0.600000,0.600000,0.600000,0.600000
90,0,0,0,0,N,0,25,11,1,1.000000,0.600000,-0.600000,0.600000,-0.600000,0.600000,-0.600000,0.600000,-0.600000,0.600000,0.600000,0.600000,0.600000
91,0,0,0,0,W,0,23,10,1,1.000000,0.600000,-0.600000,0.600000,-0.600000,0.600000,-0.600000,0.600000,-0.600000,0.600000,0.600000,0.600000,0.600000
92,0,0,0,0,E,0,21,11,1,1.000000,0.600000,-0.600000,0.600000,-0.600000,0.600000,-0.600000,0.600000,-0.600000,0.600000,0.600000,0.600000,0.600000
93,0,0,0,0,S,0,19,12,1,1.000000,0.600000,-0.600000,0.600000,-0.600000,0.600000,-0.600000,0.600000,-0.600000,0.600000,0.600000,0.600000,0.600000
94,0,0,0,0,E,0,17,13,1,1.000000,0.600000,-0.600000,0.600000,-0.600000,0.600000,-0.600000,0.600000,-0.600000,0.600000,0.600000,0.600000,0.600000
95,0,0,0,0,S,0,15,14,1,1.000000,0.600000,-0.600000,0.600000,-0.600000,0.600000,-0.600000,0.600000,-0.600000,0.600000,0.600000,0.600000,0.600000
96,0,0,0,0,E,0,13,15,1,1.000000,0.600000,-0.600000,0.600000,-0.600000,0.600000,-0.600000,0.600000,-0.600000,0.600000,0.600000,0.600000,0.600000
97,0,0,0,0,W,0,11,14,1,1.000000,0.600000,-0.600000,0.600000,-0.600000,0.600000,-0.600000,0.600000,-0.600000,0.600000,0.600000,0.600000,0.600000
98,0,0,0,0,E,0,9,15,1,1.000000,0.600000,-0.600000,0.600000,-0.600000,0.600000,-0.600000,0.600000,-0.600000,0.600000,0.600000,0.600000,0.600000
99,0,0,1,0,E,0,7,16,1,1.000000,0.600000,-0.600000,0.600000,-0.600000,0.600000,-0.600000,0.600000,-0.600000,0.600000,0.600000,0.600000,0.600000
100,0,0,1,0,S,0,5,17,1,1.000000,0.600000,-0.600000,0.600000,-0.600000,0.600000,-0.600000,0.600000,-0.600000,0.600000,0.600000,0.600000,0.600000
101,0,0,1,0,stay,1,29,17,1,1.000000,0.600000,-0.600000,0.600000,-0.600000,0.600000,-0.600000,0.600000,-0.600000,0.600000,0.600000,0.600000,0.600000
102,0,0,0,0,S,0,27,18,1,1.000000,0.600000,-0.600000,0.600000,-0.600000,0.600000,-0.600000,0.600000,-0.600000,0.600000,0.600000,0.600000,0.600000
103,0,0,0,0,stay,1,29,18,1,1.000000,0.600000,-0.600000,0.600000,-0.600000,0.600000,-0.600000,0.600000,-0.600000,0.600000,0.600000,0.600000,0.600000
104,0,0,0,0,W,0,27,17,1,1.000000,0.600000,-0.600000,0.600000,-0.600000,0.600000,-0.600000,0.600000,-0.600000,0.600000,0.600000,0.600000,0.600000
105,0,0,0,1,S,0,25,18,1,1.000000,0.600000,-0.600000,0.600000,-0.600000,0.600000,-0.600000,0.600000,-0.600000,0.600000,0.600000,0.600000,0.600000
106,0,0,0,0,W,0,23,17,1,1.000000,0.600000,-0.600000,0.600000,-0.600000,0.600000,-0.600000,0.600000,-0.600000,0.600000,0.600000,0.600000,0.600000
107,0,0,0,0,stay,1,29,17,1,1.000000,0.600000,-0.600000,0.600000,-0.600000,0.600000,-0.600000,0.600000,-0.600000,0.600000,0.600000,0.600000,0.600000
108,0,0,1,1,S,0,27,18,1,1.000000,0.600000,-0.600000,0.600000,-0.600000,0.600000,-0.600000,0.600000,-0.600000,0.600000,0.600000,0.600000,0.600000
109,0,0,1,0,S,0,25,19,1,1.000000,0.600000,-0.600000,0.600000,-0.600000,0.600000,-0.600000,0.600000,-0.600000,0.600000,0.600000,0.600000,0.600000
110,0,0,1,0,stay,1,29,19,1,1.000000,0.600000,-0.600000,0.600000,-0.600000,0.600000,-0.600000,0.600000,-0.600000,0.600000,0.600000,0.600000,0.600000
111,0,1,0,1,S,0,27,20,1,1.000000,0.600000,-0.600000,0.600000,-0.600000,0.600000,-0.600000,0.600000,-0.600000,0.600000,0.600000,0.600000,0.600000
112,0,1,0,1,stay,1,29,20,1,1.000000,0.600000,-0.600000,0.600000,-0.600000,0.600000,-0.600000,0.600000,-0.600000,0.600000,0.600000,0.600000,0.600000
113,0,0,0,1,W,0,27,19,1,1.000000,0.600000,-0.600000,0.600000,-0.600000,0.600000,-0.600000,0.600000,-0.600000,0.600000,0.600000,0.600000,0.600000
114,0,0,0,1,stay,1,29,19,1,1.000000,0.600000,-0.600000,0.600000,-0.600000,0.600000,-0.600000,0.600000,-0.600000,0.600000,0.600000,0.600000,0.600000
115,1,0,0,0,W,0,27,18,1,1.000000,0.600000,-0.600000,0.600000,-0.600000,0.600000,-0.600000,0.600000,-0.600000,0.600000,0.600000,0.600000,0.600000
116,1,0,0,0,stay,1,29,18,1,1.000000,0.600000,-0.600000,0.600000,-0.600000,0.600000,-0.600000,0.600000,-0.600000,0.600000,0.600000,0.600000,0.600000
117,0,0,0,0,N,0,27,17,1,1.000000,0.600000,-0.600000,0.600000,-0.600000,0.600000,-0.600000,0.600000,-0.600000,0.600000,0.600000,0.600000,0.600000
118,0,0,0,0,stay,1,29,17,1,1.000000,0.600000,-0.600000,0.600000,-0.600000,0.600000,-0.600000,0.600000,-0.600000,0.600000,0.600000,0.600000,0.600000
119,1,0,0,0,E,0,27,18,1,1.000000,0.600000,-0.600000,0.600000,-0.600000,0.600000,-0.600000,0.600000,-0.600000,0.600000,0.600000,0.600000,0.600000
120,0,0,0,0,N,0,25,17,1,1.000000,0.600000,-0.600000,0.600000,-0.600000,0.600000,-0.600000,0.600000,-0.600000,0.600000,0.600000,0.600000,0.600000
121,0,0,0,0,stay,1,29,17,1,1.000000,0.600000,-0.600000,0.600000,-0.600000,0.600000,-0.600000,0.600000,-0.600000,0.600000,0.600000,0.600000,0.600000
122,0,0,0,0,N,0,27,16,1,1.000000,0.600000,-0.600000,0.600000,-0.600000,0.600000,-0.600000,0.600000,-0.600000,0.600000,0.600000,0.600000,0.600000
123,0,0,0,0,S,0,25,17,1,1.000000,0.600000,-0.600000,0.600000,-0.600000,0.600000,-0.600000,0.600000,-0.600000,0.600000,0.600000,0.600000,0.600000
124,0,0,0,0,N,0,23,16,1,1.000000,0.600000,-0.600000,0.600000,-0.600000,0.600000,-0.600000,0.600000,-0.600000,0.600000,0.600000,0.600000,0.600000
125,0,0,0,0,N,0,21,15,1,1.000000,0.600000,-0.600000,0.600000,-0.600000,0.600000,-0.600000,0.600000,-0.600000,0.600000,0.600000,0.600000,0.600000
126,0,0,0,0,S,0,19,16,1,1.000000,0.600000,-0.600000,0.600000,-0.600000,0.600000,-0.600000,0.600000,-0.600000,0.600000,0.600000,0.600000,0.600000
127,0,0,0,0,E,0,17,17,1,1.000000,0.600000,-0.600000,0.600000,-0.600000,0.600000,-0.600000,0.600000,-0.600000,0.600000,0.600000,0.600000,0.600000
128,0,0,0,0,S,0,15,18,1,1.000000,0.600000,-0.600000,0.600000,-0.600000,0.600000,-0.600000,0.600000,-0.600000,0.600000,0.600000,0.600000,0.600000
129,0,0,0,0,W,0,13,17,1,1.000000,0.600000,-0.600000,0.600000,-0.600000,0.600000,-0.600000,0.600000,-0.600000,0.600000,0.600000,0.600000,0.600000
130,0,0,0,0,S,0,11,18,1,1.000000,0.600000,-0.600000,0.600000,-0.600000,0.600000,-0.600000,0.600000,-0.600000,0.600000,0.600000,0.600000,0.600000
131,0,0,0,0,S,0,9,19,1,1.000000,0.600000,-0.600000,0.600000,-0.600000,0.600000,-0.600000,0.600000,-0.600000,0.600000,0.600000,0.600000,0.600000
132,0,0,0,0,S,0,7,20,1,1.000000,0.600000,-0.600000,0.600000,-0.600000,0.600000,-0.600000,0.600000,-0.600000,0.600000,0.600000,0.600000,0.600000
133,0,0,0,0,N,0,5,19,1,1.000000,0.600000,-0.600000,0.600000,-0.600000,0.600000,-0.600000,0.600000,-0.600000,0.600000,0.600000,0.600000,0.600000
134,0,0,0,0,N,0,3,18,1,1.000000,0.600000,-0.600000,0.600000,-0.600000,0.600000,-0.600000,0.600000,-0.600000,0.600000,0.600000,0.600000,0.600000
135,0,0,0,0,N,0,1,17,1,1.000000,0.600000,-0.600000,0.600000,-0.600000,0.600000,-0.600000,0.600000,-0.600000,0.600000,0.600000,0.600000,0.600000
136,0,0,0,0,W,0,0,16,1,1.000000,0.600000,-0.600000,0.600000,-0.600000,0.600000,-0.600000,0.600000,-0.600000,0.600000,0.600000,0.600000,0.600000
