run_id,seed,lifetime_ticks,foods,distance,final_energy
0,1,48,4,42,0
1,2,51,8,41,0
2,3,25,2,22,0
3,4,1110,279,829,0
4,5,29,3,25,0
5,6,81,8,70,0
6,7,1963,499,1461,0
7,8,103,20,80,0
8,9,20,1,18,0
9,10,20,1,18,0
10,11,187,37,149,0
11,12,16,0,15,0
12,13,1399,376,1019,0
13,14,2000,520,1475,23
14,15,22,1,18,0
15,16,72,9,59,0
16,17,728,181,546,0
17,18,187,45,140,0
18,19,58,12,43,0
19,20,41,4,36,0
20,21,326,86,238,0
21,22,75,12,58,0
22,23,37,4,32,0
23,24,16,0,15,0
24,25,39,4,33,0
25,26,604,162,439,0
26,27,66,6,59,0
27,28,37,3,31,0
28,29,29,3,25,0
29,30,21,2,17,0
30,31,346,81,263,0
31,32,658,160,495,0
32,33,72,12,58,0
33,34,136,33,97,0
34,35,182,39,139,0
35,36,25,2,22,0
36,37,229,52,175,0
37,38,866,219,645,0
38,39,522,134,386,0
39,40,112,24,85,0
40,41,23,2,19,0
41,42,843,234,607,0
42,43,366,78,283,0
43,44,58,8,48,0
44,45,2000,520,1479,27
45,46,1975,555,1417,0
46,47,418,102,314,0
47,48,17,0,14,0
48,49,51,5,45,0
49,50,153,41,109,0
50,51,31,2,28,0
51,52,81,12,68,0
52,53,746,189,555,0
53,54,18,1,16,0
54,55,59,9,49,0
55,56,387,95,289,0
56,57,56,6,49,0
57,58,27,2,24,0
58,59,46,3,41,0
59,60,1972,569,1401,0
60,61,20,1,18,0
61,62,940,248,689,0
62,63,23,3,19,0
63,64,797,230,565,0
64,65,67,8,57,0
65,66,553,122,426,0
66,67,119,18,95,0
67,68,122,18,102,0
68,69,569,146,421,0
69,70,124,25,96,0
70,71,328,73,254,0
71,72,41,5,35,0
72,73,268,48,216,0
73,74,44,4,37,0
74,75,570,141,421,0
75,76,652,187,464,0
76,77,33,3,26,0
77,78,22,2,19,0
78,79,17,1,15,0
79,80,25,2,21,0
80,81,741,179,558,0
81,82,26,3,21,0
82,83,41,6,34,0
83,84,1486,413,1069,0
84,85,26,2,23,0
85,86,1348,369,974,0
86,87,350,83,263,0
87,88,39,5,32,0
88,89,85,16,68,0
89,90,42,3,37,0
90,91,62,6,51,0
91,92,16,0,15,0
92,93,35,4,28,0
93,94,529,130,394,0
94,95,785,207,576,0
95,96,41,5,34,0
96,97,43,4,37,0
97,98,306,64,239,0
98,99,1300,370,927,0
99,100,55,6,48,0
100,101,734,194,537,0
101,102,21,1,19,0
102,103,17,1,15,0
103,104,23,1,21,0
104,105,239,67,166,0
105,106,60,9,48,0
106,107,518,133,382,0
107,108,1041,303,736,0
108,109,56,11,43,0
109,110,213,49,163,0
110,111,367,75,288,0
111,112,23,3,17,0
112,113,18,1,16,0
113,114,104,19,82,0
114,115,214,48,165,0
115,116,1889,443,1443,0
116,117,85,12,64,0
117,118,214,49,161,0
118,119,924,214,705,0
119,120,437,114,319,0
120,121,74,7,65,0
121,122,105,17,85,0
122,123,16,0,14,0
123,124,39,5,33,0
124,125,248,58,189,0
125,126,31,2,28,0
126,127,439,106,332,0
127,128,794,192,601,0
128,129,304,75,228,0
129,130,63,12,48,0
130,131,36,3,32,0
131,132,1167,311,855,0
132,133,415,100,313,0
133,134,217,46,170,0
134,135,157,34,121,0
135,136,22,1,20,0
136,137,1190,337,850,0
137,138,375,80,294,0
138,139,879,232,644,0
139,140,286,63,222,0
140,141,72,11,60,0
141,142,727,175,549,0
142,143,2000,532,1466,25
143,144,58,7,50,0
144,145,24,1,22,0
145,146,23,2,19,0
146,147,618,161,452,0
147,148,83,9,72,0
148,149,739,194,543,0
149,150,692,193,495,0
150,151,22,2,18,0
151,152,29,3,25,0
152,153,25,2,21,0
153,154,91,11,77,0
154,155,75,12,61,0
155,156,61,6,54,0
156,157,502,113,384,0
157,158,1502,425,1075,0
158,159,290,64,222,0
159,160,39,2,35,0
160,161,29,3,25,0
161,162,2000,532,1464,23
162,163,52,7,42,0
163,164,1240,324,911,0
164,165,486,118,364,0
165,166,2000,570,1426,21
166,167,827,193,630,0
167,168,359,90,266,0
168,169,43,4,35,0
169,170,386,71,314,0
170,171,47,5,40,0
171,172,25,2,22,0
172,173,1745,447,1297,0
173,174,321,73,245,0
174,175,92,21,68,0
175,176,1481,376,1101,0
176,177,440,124,312,0
177,178,100,9,88,0
178,179,23,2,18,0
179,180,1593,404,1183,0
180,181,62,8,53,0
181,182,517,110,404,0
182,183,26,2,23,0
183,184,52,6,45,0
184,185,16,0,15,0
185,186,192,38,150,0
186,187,28,1,26,0
187,188,69,8,53,0
188,189,25,3,20,0
189,190,27,2,24,0
190,191,16,0,15,0
191,192,132,21,108,0
192,193,34,4,29,0
193,194,19,1,17,0
194,195,29,1,27,0
195,196,734,196,535,0
196,197,480,136,342,0
197,198,199,38,160,0
198,199,25,1,21,0
199,200,41,4,36,0
200,201,349,77,271,0
201,202,1911,528,1381,0
202,203,922,261,659,0
203,204,376,98,275,0
204,205,922,241,679,0
205,206,42,3,37,0
206,207,127,22,104,0
207,208,598,150,447,0
208,209,385,89,292,0
209,210,2000,568,1428,23
210,211,232,46,183,0
211,212,42,6,34,0
212,213,408,112,295,0
213,214,30,3,25,0
214,215,43,4,38,0
215,216,290,73,216,0
216,217,61,6,52,0
217,218,45,6,37,0
218,219,75,13,61,0
219,220,410,102,304,0
220,221,684,168,514,0
221,222,378,108,267,0
222,223,242,72,167,0
223,224,2000,573,1424,29
224,225,22,2,18,0
225,226,1335,355,976,0
226,227,1361,327,1031,0
227,228,525,142,382,0
228,229,907,253,650,0
229,230,23,2,18,0
230,231,1042,284,757,0
231,232,54,9,42,0
232,233,528,121,405,0
233,234,272,70,201,0
234,235,92,18,71,0
235,236,40,6,32,0
236,237,36,3,31,0
237,238,226,44,178,0
238,239,35,3,29,0
239,240,395,93,299,0
240,241,35,2,31,0
241,242,637,169,462,0
242,243,48,4,41,0
243,244,609,127,480,0
244,245,19,1,16,0
245,246,23,2,20,0
246,247,60,9,50,0
247,248,737,173,560,0
248,249,91,10,80,0
249,250,412,83,326,0
250,251,600,176,421,0
251,252,1433,346,1085,0
252,253,1263,358,903,0
253,254,568,150,415,0
254,255,60,7,50,0
255,256,1458,384,1071,0
256,257,1457,388,1067,0
257,258,30,3,25,0
258,259,592,150,440,0
259,260,1109,283,823,0
260,261,63,7,55,0
261,262,20,2,17,0
262,263,28,2,24,0
263,264,23,2,20,0
264,265,1112,319,792,0
265,266,53,7,45,0
266,267,69,8,56,0
267,268,40,6,33,0
268,269,41,4,36,0
269,270,546,144,396,0
270,271,2000,569,1430,29
271,272,397,104,290,0
272,273,52,7,44,0
273,274,947,243,702,0
274,275,30,3,26,0
275,276,829,209,618,0
276,277,65,6,58,0
277,278,31,3,27,0
278,279,16,0,15,0
279,280,25,1,23,0
280,281,54,8,43,0
281,282,52,8,43,0
282,283,448,106,338,0
283,284,310,70,238,0
284,285,1469,375,1090,0
285,286,135,29,103,0
286,287,634,164,467,0
287,288,37,6,30,0
288,289,44,6,37,0
289,290,18,1,16,0
290,291,958,228,725,0
291,292,24,3,20,0
292,293,273,65,205,0
293,294,31,3,25,0
294,295,41,6,31,0
295,296,60,12,47,0
296,297,31,2,28,0
297,298,46,8,33,0
298,299,634,143,487,0
299,300,413,101,311,0
300,301,841,187,651,0
301,302,27,3,23,0
302,303,16,0,14,0
303,304,98,17,80,0
304,305,44,6,36,0
305,306,502,115,381,0
306,307,69,12,55,0
307,308,1419,383,1034,0
308,309,230,52,175,0
309,310,555,143,411,0
310,311,17,1,15,0
311,312,18,1,16,0
312,313,504,109,393,0
313,314,16,0,14,0
314,315,664,165,496,0
315,316,931,222,706,0
316,317,135,25,107,0
317,318,2000,502,1495,27
318,319,145,25,118,0
319,320,752,191,558,0
320,321,111,18,92,0
321,322,65,13,50,0
322,323,40,3,34,0
323,324,31,3,27,0
324,325,16,0,14,0
325,326,99,14,83,0
326,327,909,246,661,0
327,328,30,3,25,0
328,329,127,25,99,0
329,330,566,123,441,0
330,331,20,2,15,0
331,332,473,117,355,0
332,333,781,207,570,0
333,334,45,6,36,0
334,335,19,1,16,0
335,336,79,12,66,0
336,337,288,66,216,0
337,338,51,5,44,0
338,339,16,0,15,0
339,340,24,1,22,0
340,341,152,34,116,0
341,342,18,1,16,0
342,343,773,199,570,0
343,344,20,1,18,0
344,345,85,14,65,0
345,346,91,10,80,0
346,347,2000,511,1488,29
347,348,2000,546,1452,29
348,349,406,103,300,0
349,350,28,3,22,0
350,351,458,128,327,0
351,352,450,124,325,0
352,353,1027,271,755,0
353,354,270,54,211,0
354,355,1614,444,1168,0
355,356,20,1,18,0
356,357,31,2,28,0
357,358,190,50,136,0
358,359,498,131,365,0
359,360,41,5,35,0
360,361,42,6,33,0
361,362,56,9,46,0
362,363,30,2,27,0
363,364,46,4,41,0
364,365,49,6,41,0
365,366,929,244,684,0
366,367,378,103,272,0
367,368,1214,322,889,0
368,369,125,21,103,0
369,370,35,4,30,0
370,371,32,3,27,0
371,372,867,196,670,0
372,373,33,4,27,0
373,374,494,114,377,0
374,375,22,2,19,0
375,376,24,1,22,0
376,377,51,6,43,0
377,378,57,8,48,0
378,379,252,58,192,0
379,380,36,5,29,0
380,381,1896,515,1377,0
381,382,146,33,109,0
382,383,1027,284,742,0
383,384,266,79,185,0
384,385,19,1,17,0
385,386,52,8,41,0
386,387,399,102,295,0
387,388,26,2,23,0
388,389,33,2,28,0
389,390,42,4,35,0
390,391,32,4,26,0
391,392,63,10,49,0
392,393,1125,286,836,0
393,394,1130,270,857,0
394,395,61,8,52,0
395,396,448,111,334,0
396,397,111,20,90,0
397,398,1349,327,1020,0
398,399,122,22,99,0
399,400,22,1,20,0
400,401,66,12,50,0
401,402,32,2,29,0
402,403,278,56,220,0
403,404,23,2,20,0
404,405,30,2,26,0
405,406,97,20,74,0
406,407,22,3,17,0
407,408,17,1,15,0
408,409,29,4,23,0
409,410,1114,283,830,0
410,411,42,3,36,0
411,412,1350,398,948,0
412,413,25,3,21,0
413,414,17,1,15,0
414,415,18,1,16,0
415,416,27,2,24,0
416,417,31,2,25,0
417,418,312,64,245,0
418,419,1156,304,850,0
419,420,1555,384,1170,0
420,421,1092,272,817,0
421,422,142,33,107,0
422,423,16,0,15,0
423,424,35,3,29,0
424,425,35,3,31,0
425,426,37,4,32,0
426,427,1119,265,853,0
427,428,853,219,629,0
428,429,39,4,34,0
429,430,73,12,60,0
430,431,717,174,539,0
431,432,24,2,21,0
432,433,1875,495,1376,0
433,434,22,1,20,0
434,435,235,64,170,0
435,436,317,74,241,0
436,437,104,21,80,0
437,438,1133,278,853,0
438,439,27,2,23,0
439,440,543,138,403,0
440,441,1314,327,985,0
441,442,21,2,18,0
442,443,17,1,15,0
443,444,954,288,663,0
444,445,56,4,51,0
445,446,19,1,17,0
446,447,327,76,247,0
447,448,442,102,339,0
448,449,40,4,30,0
449,450,249,55,193,0
450,451,22,1,20,0
451,452,22,3,16,0
452,453,1323,349,971,0
453,454,23,2,19,0
454,455,852,234,616,0
455,456,29,2,26,0
456,457,28,3,24,0
457,458,72,8,63,0
458,459,42,3,36,0
459,460,202,47,153,0
460,461,2000,541,1457,25
461,462,265,56,208,0
462,463,84,8,75,0
463,464,17,1,15,0
464,465,64,12,50,0
465,466,17,1,15,0
466,467,41,3,35,0
467,468,67,7,57,0
468,469,34,5,28,0
469,470,684,153,529,0
470,471,1000,270,728,0
471,472,51,5,45,0
472,473,16,0,15,0
473,474,2000,556,1443,27
474,475,496,120,373,0
475,476,48,7,39,0
476,477,109,20,86,0
477,478,19,2,16,0
478,479,64,11,51,0
479,480,68,8,56,0
480,481,398,109,287,0
481,482,545,148,394,0
482,483,66,9,56,0
483,484,71,15,52,0
484,485,17,1,15,0
485,486,31,5,25,0
486,487,29,2,26,0
487,488,1865,554,1306,0
488,489,17,1,14,0
489,490,404,105,297,0
490,491,393,99,290,0
491,492,648,176,470,0
492,493,790,204,583,0
493,494,16,0,14,0
494,495,774,193,578,0
495,496,52,5,44,0
496,497,272,69,201,0
497,498,1538,438,1098,0
498,499,175,35,139,0
499,500,33,4,27,0
