run_id,seed,lifetime_ticks,foods,distance,final_energy,moves_north,moves_south,moves_east,moves_west,food_sensed_north,food_sensed_east,food_sensed_south,food_sensed_west,decisions,correct_decisions
1,1,26,1,24,0,2,1,12,9,2,7,7,0,13,6
2,2,16,0,15,0,2,0,5,8,3,0,5,9,6,1
3,3,16,0,15,0,2,1,7,5,4,7,9,5,8,2
4,4,26,1,24,0,0,3,13,8,11,5,4,3,12,7
5,5,16,0,15,0,4,0,8,3,1,5,7,3,10,3
6,6,18,1,16,0,0,1,8,7,4,1,1,5,7,5
7,7,17,1,15,0,4,0,8,3,0,4,2,2,6,2
8,8,33,2,30,0,4,0,17,9,3,4,6,3,9,4
9,9,16,0,15,0,0,2,5,8,2,1,7,0,10,0
10,10,16,0,15,0,1,1,9,4,2,1,2,1,4,1
11,11,16,0,15,0,0,1,8,6,2,5,2,2,4,0
12,12,21,1,19,0,0,2,13,4,7,10,2,7,10,4
13,13,16,0,15,0,1,4,5,5,6,6,6,5,9,5
14,14,16,0,15,0,1,2,6,6,2,3,9,3,12,5
15,15,16,0,15,0,3,1,9,2,3,3,2,2,8,3
16,16,21,1,19,0,2,0,8,9,0,1,4,2,7,1
17,17,16,0,15,0,2,2,6,5,7,3,6,2,10,4
18,18,16,0,15,0,0,7,1,7,7,7,3,6,9,2
19,19,18,1,16,0,1,0,6,9,5,5,6,6,9,7
20,20,16,0,15,0,1,1,7,6,6,4,7,5,10,3
21,21,16,0,15,0,0,0,9,6,9,7,8,8,14,12
22,22,16,0,15,0,3,2,7,3,3,3,7,2,11,5
23,23,24,1,22,0,1,3,11,7,6,7,2,5,10,2
24,24,16,0,15,0,1,1,6,7,3,0,5,6,13,3
25,25,29,2,26,0,3,2,14,7,14,8,14,7,15,6
26,26,25,1,23,0,2,0,11,10,2,1,5,1,8,1
27,27,16,0,15,0,0,3,5,7,3,5,8,7,5,3
28,28,16,0,15,0,1,1,7,6,4,0,4,0,4,1
29,29,16,0,15,0,2,1,11,1,3,3,5,1,7,1
30,30,69,5,63,0,9,2,27,25,7,11,18,10,21,8
31,31,50,7,42,0,2,5,20,15,12,9,12,8,18,7
32,32,16,0,15,0,0,0,9,6,2,0,3,0,5,0
33,33,35,2,32,0,2,0,15,15,3,13,9,5,16,8
34,34,16,0,15,0,1,1,10,3,5,4,4,4,9,4
35,35,27,1,25,0,2,2,11,10,4,0,9,3,12,3
36,36,16,0,15,0,0,0,9,6,4,0,3,0,7,0
37,37,34,3,30,0,5,1,18,6,7,10,12,2,18,7
38,38,43,3,39,0,0,1,19,19,2,10,10,6,14,2
39,39,16,0,15,0,1,1,8,5,2,0,6,2,6,0
40,40,31,2,28,0,2,4,13,9,9,6,6,13,16,9
41,41,20,1,18,0,0,1,12,5,1,1,0,1,3,1
42,42,16,0,15,0,2,2,6,5,4,1,4,2,10,3
43,43,17,1,15,0,0,2,7,6,6,4,1,7,9,3
44,44,38,3,34,0,4,0,20,10,9,10,3,2,21,9
45,45,19,2,15,0,2,0,4,9,2,7,4,8,11,5
46,46,16,0,15,0,0,1,9,5,4,0,4,0,7,1
47,47,22,1,20,0,2,1,10,7,7,6,10,4,14,2
48,48,16,0,15,0,0,0,8,7,0,0,1,0,1,0
49,49,22,1,20,0,0,0,14,6,2,3,5,0,10,1
50,50,21,1,19,0,2,1,10,6,9,2,3,5,12,5
51,51,22,1,20,0,2,2,12,4,5,4,1,0,7,3
52,52,53,5,47,0,5,5,19,18,16,8,7,15,28,4
53,53,24,1,22,0,0,2,12,8,8,11,7,7,12,4
54,54,16,0,15,0,1,2,5,7,2,4,5,5,11,6
55,55,24,1,22,0,2,3,10,7,4,2,1,3,9,3
56,56,16,0,15,0,2,0,5,8,0,0,7,4,8,2
57,57,18,1,16,0,0,1,5,10,4,2,2,5,8,4
58,58,16,0,15,0,2,1,8,4,6,4,6,2,8,2
59,59,16,0,15,0,2,2,6,5,3,6,9,6,6,5
60,60,16,0,15,0,0,1,7,7,5,7,0,8,7,2
61,61,16,0,15,0,1,1,9,4,5,0,1,2,6,2
62,62,16,0,14,0,0,1,4,9,2,1,1,5,5,2
63,63,16,0,15,0,1,1,11,2,6,6,5,3,8,4
64,64,41,2,38,0,2,2,18,16,3,9,20,4,20,5
65,65,21,2,18,0,0,3,13,2,7,5,5,6,12,5
66,66,16,0,15,0,2,2,6,5,4,4,6,7,11,5
67,67,31,1,29,0,3,4,13,9,4,1,0,0,5,2
68,68,16,0,15,0,1,1,7,6,4,3,1,3,10,3
69,69,16,0,15,0,1,4,3,7,9,8,11,4,5,1
70,70,16,0,15,0,0,1,9,5,2,0,2,1,4,0
71,71,16,0,15,0,0,1,7,7,4,4,1,7,12,6
72,72,16,0,15,0,2,0,7,6,1,2,6,7,10,1
73,73,16,0,15,0,0,0,9,6,3,8,1,1,7,2
74,74,21,1,19,0,3,1,7,8,1,3,8,2,7,2
75,75,21,1,19,0,3,2,6,8,4,3,8,2,11,5
76,76,16,0,15,0,2,0,7,6,3,8,8,4,8,2
77,77,34,3,29,0,1,2,14,12,6,2,2,5,9,1
78,78,25,1,23,0,0,1,12,10,2,0,2,4,8,2
79,79,87,8,78,0,8,4,40,26,15,11,25,10,42,15
80,80,17,1,15,0,0,1,7,7,3,0,1,0,3,0
81,81,16,0,15,0,1,0,10,4,1,0,5,0,5,0
82,82,16,0,15,0,2,0,8,5,2,8,1,7,5,1
83,83,18,1,16,0,0,0,8,8,4,2,4,2,6,3
84,84,16,0,15,0,2,0,9,4,6,4,7,5,9,4
85,85,27,1,25,0,3,1,14,7,5,10,9,7,13,6
86,86,16,0,15,0,0,2,7,6,8,9,10,9,6,4
87,87,31,1,29,0,3,2,10,14,7,2,4,5,12,1
88,88,36,2,33,0,1,1,17,14,8,5,8,3,19,3
89,89,16,0,15,0,3,1,6,5,5,5,6,1,8,2
90,90,16,0,15,0,0,0,11,4,2,1,5,0,8,1
91,91,16,0,15,0,0,0,8,7,0,1,0,1,2,2
92,92,28,1,26,0,0,1,7,18,1,2,7,2,9,3
93,93,16,0,15,0,4,0,7,4,5,1,5,3,7,2
94,94,33,3,29,0,2,0,16,11,6,7,8,3,12,4
95,95,18,1,16,0,1,0,5,10,0,0,4,2,5,1
96,96,37,3,33,0,5,2,14,12,13,3,10,6,19,8
97,97,16,0,15,0,0,1,12,2,3,2,7,1,10,2
98,98,16,0,15,0,1,1,9,4,2,6,2,2,11,3
99,99,20,1,18,0,0,2,7,9,7,2,0,4,6,0
100,100,19,1,17,0,1,2,8,6,7,2,5,4,11,4
