run_id,lifetime_ticks,foods,distance,final_energy,moves_north,moves_south,moves_east,moves_west,food_sensed_north,food_sensed_east,food_sensed_south,food_sensed_west,decisions,correct_decisions
1,34,2,22,0,4,3,8,7,9,2,8,9,20,3
2,17,0,13,0,3,2,4,4,1,2,0,3,6,2
3,16,0,15,0,4,1,9,1,5,6,2,6,8,5
4,17,0,14,0,2,4,4,4,4,2,5,2,11,1
5,49,2,16,0,5,4,4,3,9,8,10,3,18,0
6,16,0,14,0,3,4,5,2,1,2,4,6,12,6
7,39,2,21,0,5,4,7,5,10,5,16,6,24,6
8,47,2,17,0,5,3,7,2,3,5,12,2,11,4
9,39,1,16,0,0,5,6,5,5,1,21,4,23,2
10,18,0,13,0,1,2,5,5,0,0,0,11,8,0
11,32,2,19,0,2,3,10,4,8,8,1,8,13,3
12,54,3,20,0,5,4,6,5,9,10,18,2,36,4
13,23,1,18,0,3,2,8,5,3,4,6,10,8,2
14,54,3,18,0,3,6,3,6,6,2,6,3,12,6
15,48,3,20,0,6,3,5,6,5,3,2,11,14,5
16,50,2,18,0,2,1,8,7,1,2,3,4,8,3
17,55,2,24,0,3,5,11,5,3,15,5,11,27,4
18,47,5,16,0,3,4,4,5,3,5,6,8,10,3
19,33,1,21,0,5,2,9,5,8,5,3,21,25,4
20,35,2,25,0,5,2,8,10,10,8,4,5,18,5
21,45,4,19,0,4,5,7,3,6,6,8,9,13,5
22,20,1,13,0,2,3,6,2,5,5,7,7,15,3
23,41,3,17,0,4,3,7,3,2,7,3,4,11,1
24,38,1,21,0,3,4,9,5,9,4,0,1,12,2
25,37,2,15,0,3,0,8,4,7,4,4,6,8,1
26,34,3,20,0,4,3,7,6,3,5,3,1,7,4
27,30,1,21,0,4,4,7,6,12,1,5,2,16,4
28,17,0,13,0,5,1,3,4,3,4,1,3,8,3
29,58,2,27,0,5,5,9,8,13,2,2,8,24,6
30,18,0,12,0,4,3,4,1,4,3,9,1,14,6
31,28,2,16,0,2,4,7,3,4,3,3,5,8,3
32,16,0,14,0,4,2,5,3,7,1,2,7,8,3
33,16,0,14,0,4,1,5,4,2,3,2,2,8,4
34,19,0,11,0,3,2,3,3,10,1,2,6,9,1
35,54,4,18,0,3,1,6,8,2,7,4,3,9,3
36,18,1,16,0,2,1,7,6,6,4,0,2,10,7
37,38,3,18,0,5,2,4,7,5,6,2,8,15,4
38,17,0,13,0,4,0,6,3,1,3,1,7,8,3
39,18,1,15,0,5,3,3,4,4,0,1,6,8,3
40,45,2,17,0,1,4,8,4,2,13,1,6,18,2
41,61,3,19,0,2,3,8,6,5,0,4,3,12,0
42,32,2,23,0,3,6,6,8,9,0,5,5,14,4
43,51,2,18,0,5,2,7,4,8,5,2,13,11,7
44,31,2,17,0,3,2,7,5,2,3,7,2,11,1
45,16,0,14,0,1,4,8,1,3,6,4,5,8,4
46,16,0,14,0,4,1,6,3,6,1,8,6,9,2
47,18,0,13,0,3,2,6,2,5,7,5,3,11,2
48,94,8,33,0,3,5,17,8,19,41,48,4,53,11
49,47,2,15,0,2,3,7,3,1,2,3,5,10,4
50,39,2,19,0,3,2,8,6,9,0,3,6,10,2
51,16,0,15,0,8,1,2,4,6,3,2,5,9,3
52,65,5,22,0,6,2,7,7,18,8,46,15,50,3
53,55,2,26,0,2,9,7,8,3,2,14,5,24,2
54,17,0,14,0,4,3,6,1,2,3,3,3,10,2
55,38,3,19,0,4,4,7,4,8,8,8,5,19,5
56,33,1,23,0,3,4,11,5,2,8,2,4,12,2
57,57,3,25,0,8,3,9,5,6,20,10,5,25,5
58,43,4,20,0,6,2,10,2,11,2,5,1,11,4
59,18,0,13,0,2,2,4,5,2,4,9,3,9,2
60,17,0,13,0,2,0,4,7,8,0,4,8,12,1
61,17,0,13,0,1,3,3,6,2,0,3,0,5,1
62,16,0,15,0,4,0,6,5,8,1,2,6,5,0
63,37,3,15,0,6,1,6,2,5,2,3,6,9,3
64,47,3,19,0,3,1,10,5,2,20,21,7,27,5
65,49,3,14,0,2,3,6,3,6,1,6,9,13,2
66,17,0,14,0,0,4,5,5,5,4,5,5,11,4
67,22,1,18,0,4,3,7,4,5,1,1,0,7,2
68,35,1,18,0,1,5,7,5,1,2,16,8,26,2
69,50,3,20,0,0,6,9,5,3,6,5,4,9,3
70,16,0,14,0,4,2,6,2,3,5,3,9,9,3
71,56,2,25,0,6,4,12,3,6,3,6,12,18,4
72,22,1,16,0,4,3,3,6,0,1,6,1,6,2
73,16,0,14,0,3,2,5,4,12,2,0,5,6,0
74,17,0,13,0,2,3,6,2,1,6,1,2,7,2
75,54,3,23,0,1,6,10,6,5,7,16,4,26,3
76,66,5,23,0,5,2,8,8,14,46,37,7,53,9
77,25,1,21,0,7,3,7,4,5,3,8,6,13,1
78,63,6,23,0,4,3,12,4,9,11,2,10,19,7
79,54,3,15,0,3,5,2,5,2,2,23,2,26,4
80,28,1,21,0,5,6,6,4,4,2,3,9,13,1
81,39,3,14,0,3,2,8,1,3,12,21,5,27,3
82,34,3,19,0,2,2,9,6,4,3,9,5,11,2
83,16,0,14,0,6,1,6,1,8,3,5,10,10,4
84,28,1,25,0,5,3,7,10,1,1,9,0,10,2
85,74,4,21,0,1,5,13,2,10,40,45,6,51,4
86,36,1,21,0,4,3,8,6,13,6,21,17,32,3
87,44,2,15,0,1,4,10,0,5,10,7,3,13,5
88,26,1,21,0,3,6,6,6,4,2,7,6,12,2
89,35,1,16,0,1,4,9,2,3,9,2,8,9,1
90,30,2,18,0,3,2,9,4,1,2,1,0,3,1
91,56,3,20,0,4,1,5,10,8,9,38,6,42,5
92,57,3,22,0,6,4,8,4,2,8,37,5,44,4
93,30,1,21,0,3,2,6,10,1,0,10,2,11,1
94,71,3,26,0,6,3,11,6,8,39,37,10,53,10
95,47,2,16,0,3,0,12,1,10,4,24,8,31,2
96,66,6,24,0,4,2,13,5,13,14,37,3,50,5
97,17,0,13,0,1,2,5,5,5,0,0,0,5,0
98,17,0,13,0,5,1,3,4,1,1,2,3,7,1
99,16,0,15,0,1,4,8,2,4,4,5,6,10,4
100,38,3,17,0,3,4,7,3,4,4,4,8,11,5
