tick,food_sensed_N,food_sensed_E,food_sensed_S,food_sensed_W,movement,food_consumed,energy,manhattan_dist,decision_made,conn_0_2,conn_0_5,conn_0_6,conn_0_9,conn_1_0,conn_1_1,conn_1_3,conn_1_4,conn_1_7,conn_1_8,conn_1_9,conn_2_0,conn_2_1,conn_2_4,conn_2_5,conn_2_6,conn_2_7,conn_2_9,conn_3_1,conn_3_2,conn_3_3,conn_3_4,conn_3_5,conn_3_6,conn_3_9,conn_4_1,conn_4_3,conn_4_4,conn_4_5,conn_4_6,conn_4_7,conn_4_8,conn_4_9,conn_4_10,conn_5_0,conn_5_1,conn_5_5,conn_5_7,conn_5_8,conn_5_9,conn_6_0,conn_6_2,conn_6_3,conn_6_5,conn_6_6,conn_6_7,conn_6_10,conn_7_1,conn_7_7,conn_7_9,conn_7_10,conn_8_0,conn_8_1,conn_8_4,conn_8_5,conn_8_6,conn_8_8,conn_8_9,conn_9_0,conn_9_2,conn_9_6,conn_9_7,conn_9_8,conn_9_9,conn_9_10,conn_10_0,conn_10_1,conn_10_2,conn_10_3,conn_10_4,conn_10_8,conn_10_10
0,0,0,0,0,stay,0,30,0,0,-0.600000,1.000000,-0.600000,0.600000,-0.600000,-0.600000,-0.600000,0.600000,-0.600000,-0.600000,0.600000,0.600000,-0.600000,-0.600000,0.600000,-0.600000,-0.600000,-0.600000,0.600000,-0.600000,-0.600000,0.600000,0.600000,-0.600000,0.600000,-0.600000,0.600000,-0.600000,-0.600000,-0.600000,0.600000,-0.600000,0.600000,0.600000,-0.600000,0.600000,-0.600000,-0.600000,0.600000,-0.600000,0.600000,-0.600000,-0.600000,-0.600000,-0.600000,-0.600000,-0.600000,-0.600000,-0.600000,-0.600000,-0.600000,0.600000,0.600000,-0.600000,-0.600000,-0.600000,-0.600000,0.600000,-0.600000,0.600000,-0.600000,-0.600000,-0.600000,-0.600000,-0.600000,0.600000,-0.600000,0.600000,-0.600000,-0.600000,0.600000,-0.600000
1,0,0,0,1,stay,0,29,0,1,-0.600000,1.000000,-0.600000,0.600000,-0.600000,-0.600000,-0.620232,0.600000,-0.600000,-0.600000,0.600000,0.600000,-0.600000,-0.600000,0.600000,-0.600000,-0.600000,-0.603596,0.600000,-0.600000,-0.600000,0.600000,0.600000,-0.600000,0.600000,-0.600000,0.600000,-0.600000,-0.600000,-0.600000,0.600000,-0.602399,0.600000,0.600000,-0.600000,0.600000,-0.591575,-0.600000,0.600000,-0.600000,0.600000,-0.608374,-0.600000,-0.600000,-0.600000,-0.600000,-0.600000,-0.600000,-0.600000,-0.600000,-0.600000,0.600000,0.600000,-0.600000,-0.600000,-0.600000,-0.600000,0.603596,-0.600000,0.600000,-0.600000,-0.600000,-0.600000,-0.600000,-0.600000,0.600000,-0.600000,0.598800,-0.600000,-0.600000,0.584311,-0.600000
2,0,0,0,0,W,0,27,1,1,-0.600000,1.000000,-0.600000,0.600000,-0.600000,-0.600000,-0.643510,0.600000,-0.600000,-0.600000,0.600000,0.600000,-0.600000,-0.600000,0.600000,-0.600000,-0.600000,-0.609565,0.600000,-0.600000,-0.600000,0.600000,0.600000,-0.600000,0.600000,-0.600000,0.600000,-0.600000,-0.600000,-0.600000,0.600000,-0.603596,0.600000,0.600000,-0.600000,0.600000,-0.581881,-0.600000,0.600000,-0.600000,0.600000,-0.617867,-0.600000,-0.600000,-0.600000,-0.600000,-0.600000,-0.600000,-0.600000,-0.600000,-0.600000,0.600000,0.600000,-0.600000,-0.600000,-0.600000,-0.600000,0.609565,-0.600000,0.600000,-0.600000,-0.600000,-0.600000,-0.600000,-0.600000,0.600000,-0.600000,0.598800,-0.600000,-0.600000,0.572122,-0.600000
3,0,0,0,0,stay,1,29,1,1,-0.600000,1.000000,-0.600000,0.600000,-0.600000,-0.600000,-0.652643,0.600000,-0.600000,-0.600000,0.600000,0.600000,-0.600000,-0.600000,0.600000,-0.600000,-0.600000,-0.613131,0.600000,-0.600000,-0.600000,0.600000,0.600000,-0.600000,0.600000,-0.600000,0.600000,-0.600000,-0.600000,-0.600000,0.600000,-0.603596,0.600000,0.600000,-0.600000,0.600000,-0.574567,-0.600000,0.600000,-0.600000,0.600000,-0.624929,-0.600000,-0.600000,-0.600000,-0.600000,-0.600000,-0.600000,-0.600000,-0.600000,-0.600000,0.600000,0.600000,-0.600000,-0.600000,-0.600000,-0.600000,0.613131,-0.600000,0.600000,-0.600000,-0.600000,-0.600000,-0.600000,-0.600000,0.600000,-0.600000,0.598800,-0.600000,-0.600000,0.567221,-0.600000
4,0,0,0,0,W,0,27,2,1,-0.600000,1.000000,-0.600000,0.600000,-0.600000,-0.600000,-0.667240,0.600000,-0.600000,-0.600000,0.600000,0.600000,-0.600000,-0.600000,0.600000,-0.600000,-0.600000,-0.617867,0.600000,-0.600000,-0.600000,0.600000,0.600000,-0.600000,0.600000,-0.600000,0.600000,-0.600000,-0.600000,-0.600000,0.600000,-0.603596,0.600000,0.600000,-0.600000,0.600000,-0.567221,-0.600000,0.600000,-0.600000,0.600000,-0.631939,-0.600000,-0.600000,-0.600000,-0.600000,-0.600000,-0.600000,-0.600000,-0.600000,-0.600000,0.600000,0.600000,-0.600000,-0.600000,-0.600000,-0.600000,0.617867,-0.600000,0.600000,-0.600000,-0.600000,-0.600000,-0.600000,-0.600000,0.600000,-0.600000,0.598800,-0.600000,-0.600000,0.557380,-0.600000
5,0,0,1,0,W,0,25,3,1,-0.600000,1.000000,-0.600000,0.600000,-0.600000,-0.600000,-0.679352,0.600000,-0.600000,-0.600000,0.600000,0.600000,-0.600000,-0.600000,0.600000,-0.600000,-0.600000,-0.623756,0.600000,-0.600000,-0.600000,0.600000,0.600000,-0.600000,0.600000,-0.600000,0.600000,-0.600000,-0.600000,-0.600000,0.600000,-0.611944,0.600000,0.600000,-0.600000,0.600000,-0.559845,-0.600000,0.600000,-0.600000,0.600000,-0.638893,-0.600000,-0.600000,-0.600000,-0.600000,-0.600000,-0.600000,-0.600000,-0.600000,-0.600000,0.600000,0.600000,-0.600000,-0.600000,-0.600000,-0.600000,0.623756,-0.600000,0.600000,-0.600000,-0.600000,-0.600000,-0.600000,-0.600000,0.600000,-0.600000,0.598800,-0.600000,-0.600000,0.546254,-0.600000
6,0,0,1,0,stay,0,24,3,1,-0.600000,1.000000,-0.600000,0.600000,-0.600000,-0.600000,-0.692291,0.600000,-0.600000,-0.600000,0.600000,0.600000,-0.600000,-0.600000,0.600000,-0.600000,-0.600000,-0.628441,0.600000,-0.600000,-0.600000,0.600000,0.600000,-0.600000,0.600000,-0.600000,0.600000,-0.600000,-0.600000,-0.600000,0.600000,-0.622581,0.600000,0.600000,-0.600000,0.600000,-0.551205,-0.600000,0.600000,-0.600000,0.600000,-0.646934,-0.600000,-0.600000,-0.600000,-0.600000,-0.600000,-0.600000,-0.600000,-0.600000,-0.600000,0.600000,0.600000,-0.600000,-0.600000,-0.600000,-0.600000,0.628441,-0.600000,0.600000,-0.600000,-0.600000,-0.600000,-0.600000,-0.600000,0.600000,-0.600000,0.598800,-0.600000,-0.600000,0.531348,-0.600000
7,0,0,1,0,stay,0,23,3,1,-0.600000,1.000000,-0.600000,0.600000,-0.600000,-0.600000,-0.702849,0.600000,-0.600000,-0.600000,0.600000,0.600000,-0.600000,-0.600000,0.600000,-0.600000,-0.600000,-0.634263,0.600000,-0.600000,-0.600000,0.600000,0.600000,-0.600000,0.600000,-0.600000,0.600000,-0.600000,-0.600000,-0.600000,0.600000,-0.631939,0.600000,0.600000,-0.600000,0.600000,-0.543775,-0.600000,0.600000,-0.600000,0.600000,-0.653761,-0.600000,-0.600000,-0.600000,-0.600000,-0.600000,-0.600000,-0.600000,-0.600000,-0.600000,0.600000,0.600000,-0.600000,-0.600000,-0.600000,-0.600000,0.634263,-0.600000,0.600000,-0.600000,-0.600000,-0.600000,-0.600000,-0.600000,0.600000,-0.600000,0.598800,-0.600000,-0.600000,0.517634,-0.600000
8,0,0,1,1,S,0,21,4,1,-0.600000,1.000000,-0.600000,0.600000,-0.600000,-0.600000,-0.713195,0.600000,-0.600000,-0.600000,0.600000,0.600000,-0.600000,-0.600000,0.600000,-0.600000,-0.600000,-0.635423,0.600000,-0.600000,-0.600000,0.600000,0.600000,-0.600000,0.600000,-0.600000,0.600000,-0.600000,-0.600000,-0.600000,0.600000,-0.638893,0.600000,0.600000,-0.600000,0.600000,-0.537567,-0.600000,0.600000,-0.600000,0.600000,-0.659402,-0.600000,-0.600000,-0.600000,-0.600000,-0.600000,-0.600000,-0.600000,-0.600000,-0.600000,0.600000,0.600000,-0.600000,-0.600000,-0.600000,-0.600000,0.635423,-0.600000,0.600000,-0.600000,-0.600000,-0.600000,-0.600000,-0.600000,0.600000,-0.600000,0.597599,-0.600000,-0.600000,0.508891,-0.600000
9,0,0,1,1,stay,1,29,4,1,-0.600000,1.000000,-0.600000,0.600000,-0.600000,-0.600000,-0.723328,0.600000,-0.600000,-0.600000,0.600000,0.600000,-0.600000,-0.600000,0.600000,-0.600000,-0.600000,-0.638893,0.600000,-0.600000,-0.600000,0.600000,0.600000,-0.600000,0.600000,-0.600000,0.600000,-0.600000,-0.600000,-0.600000,0.600000,-0.651492,0.600000,0.600000,-0.600000,0.600000,-0.523872,-0.600000,0.600000,-0.600000,0.600000,-0.671654,-0.600000,-0.600000,-0.600000,-0.600000,-0.600000,-0.600000,-0.600000,-0.600000,-0.600000,0.600000,0.600000,-0.600000,-0.600000,-0.600000,-0.600000,0.638893,-0.600000,0.600000,-0.600000,-0.600000,-0.600000,-0.600000,-0.600000,0.600000,-0.600000,0.597599,-0.600000,-0.600000,0.495142,-0.600000
10,0,0,0,1,S,0,27,5,1,-0.600000,1.000000,-0.600000,0.600000,-0.600000,-0.600000,-0.743871,0.600000,-0.600000,-0.600000,0.600000,0.600000,-0.600000,-0.600000,0.600000,-0.600000,-0.600000,-0.642349,0.600000,-0.600000,-0.600000,0.600000,0.600000,-0.600000,0.600000,-0.600000,0.600000,-0.600000,-0.600000,-0.600000,0.600000,-0.653761,0.600000,0.600000,-0.600000,0.600000,-0.513888,-0.600000,0.600000,-0.600000,0.600000,-0.680422,-0.600000,-0.600000,-0.600000,-0.600000,-0.600000,-0.600000,-0.600000,-0.600000,-0.600000,0.600000,0.600000,-0.600000,-0.600000,-0.600000,-0.600000,0.642349,-0.600000,0.600000,-0.600000,-0.600000,-0.600000,-0.600000,-0.600000,0.600000,-0.600000,0.595193,-0.600000,-0.600000,0.478903,-0.600000
11,0,0,0,1,stay,1,29,5,1,-0.600000,1.000000,-0.600000,0.600000,-0.600000,-0.600000,-0.757919,0.600000,-0.600000,-0.600000,0.600000,0.600000,-0.600000,-0.600000,0.600000,-0.600000,-0.600000,-0.644645,0.600000,-0.600000,-0.600000,0.600000,0.600000,-0.600000,0.600000,-0.600000,0.600000,-0.600000,-0.600000,-0.600000,0.600000,-0.654892,0.600000,0.600000,-0.600000,0.600000,-0.507641,-0.600000,0.600000,-0.600000,0.600000,-0.685838,-0.600000,-0.600000,-0.600000,-0.600000,-0.600000,-0.600000,-0.600000,-0.600000,-0.600000,0.600000,0.600000,-0.600000,-0.600000,-0.600000,-0.600000,0.644645,-0.600000,0.600000,-0.600000,-0.600000,-0.600000,-0.600000,-0.600000,0.600000,-0.600000,0.595193,-0.600000,-0.600000,0.465195,-0.600000
12,0,0,0,1,stay,0,28,5,1,-0.600000,1.000000,-0.600000,0.600000,-0.600000,-0.600000,-0.773193,0.600000,-0.600000,-0.600000,0.600000,0.600000,-0.600000,-0.600000,0.600000,-0.600000,-0.600000,-0.648076,0.600000,-0.600000,-0.600000,0.600000,0.600000,-0.600000,0.600000,-0.600000,0.600000,-0.600000,-0.600000,-0.600000,0.600000,-0.657151,0.600000,0.600000,-0.600000,0.600000,-0.501392,-0.600000,0.600000,-0.600000,0.600000,-0.691205,-0.600000,-0.600000,-0.600000,-0.600000,-0.600000,-0.600000,-0.600000,-0.600000,-0.600000,0.600000,0.600000,-0.600000,-0.600000,-0.600000,-0.600000,0.648076,-0.600000,0.600000,-0.600000,-0.600000,-0.600000,-0.600000,-0.600000,0.600000,-0.600000,0.593988,-0.600000,-0.600000,0.449063,-0.600000
13,0,0,0,1,stay,0,27,5,1,-0.600000,1.000000,-0.600000,0.600000,-0.600000,-0.600000,-0.777554,0.600000,-0.600000,-0.600000,0.600000,0.600000,-0.600000,-0.600000,0.600000,-0.600000,-0.600000,-0.650355,0.600000,-0.600000,-0.600000,0.600000,0.600000,-0.600000,0.600000,-0.600000,0.600000,-0.600000,-0.600000,-0.600000,0.600000,-0.657151,0.600000,0.600000,-0.600000,0.600000,-0.498892,-0.600000,0.600000,-0.600000,0.600000,-0.693337,-0.600000,-0.600000,-0.600000,-0.600000,-0.600000,-0.600000,-0.600000,-0.600000,-0.600000,0.600000,0.600000,-0.600000,-0.600000,-0.600000,-0.600000,0.650355,-0.600000,0.600000,-0.600000,-0.600000,-0.600000,-0.600000,-0.600000,0.600000,-0.600000,0.593988,-0.600000,-0.600000,0.439185,-0.600000
14,0,0,0,1,stay,0,26,5,1,-0.600000,1.000000,-0.600000,0.600000,-0.600000,-0.600000,-0.789444,0.600000,-0.600000,-0.600000,0.600000,0.600000,-0.600000,-0.600000,0.600000,-0.600000,-0.600000,-0.656023,0.600000,-0.600000,-0.600000,0.600000,0.600000,-0.600000,0.600000,-0.600000,0.600000,-0.600000,-0.600000,-0.600000,0.600000,-0.658277,0.600000,0.600000,-0.600000,0.600000,-0.491393,-0.600000,0.600000,-0.600000,0.600000,-0.699685,-0.600000,-0.600000,-0.600000,-0.600000,-0.600000,-0.600000,-0.600000,-0.600000,-0.600000,0.600000,0.600000,-0.600000,-0.600000,-0.600000,-0.600000,0.656023,-0.600000,0.600000,-0.600000,-0.600000,-0.600000,-0.600000,-0.600000,0.600000,-0.600000,0.593988,-0.600000,-0.600000,0.424460,-0.600000
15,1,0,0,0,W,0,24,6,1,-0.600000,1.000000,-0.600000,0.600000,-0.600000,-0.600000,-0.803253,0.600000,-0.600000,-0.600000,0.600000,0.600000,-0.600000,-0.600000,0.600000,-0.600000,-0.600000,-0.668335,0.600000,-0.600000,-0.600000,0.600000,0.600000,-0.600000,0.600000,-0.600000,0.600000,-0.600000,-0.600000,-0.600000,0.600000,-0.658277,0.600000,0.600000,-0.600000,0.600000,-0.482648,-0.600000,0.600000,-0.600000,0.600000,-0.706995,-0.600000,-0.600000,-0.600000,-0.600000,-0.600000,-0.600000,-0.600000,-0.600000,-0.600000,0.600000,0.600000,-0.600000,-0.600000,-0.600000,-0.600000,0.668335,-0.600000,0.600000,-0.600000,-0.600000,-0.600000,-0.600000,-0.600000,0.600000,-0.600000,0.593988,-0.600000,-0.600000,0.411078,-0.600000
16,1,0,0,0,stay,1,29,6,1,-0.600000,1.000000,-0.600000,0.600000,-0.600000,-0.600000,-0.813343,0.600000,-0.600000,-0.600000,0.600000,0.600000,-0.600000,-0.600000,0.600000,-0.600000,-0.600000,-0.679333,0.600000,-0.600000,-0.600000,0.600000,0.600000,-0.600000,0.600000,-0.600000,0.600000,-0.600000,-0.600000,-0.600000,0.600000,-0.658277,0.600000,0.600000,-0.600000,0.600000,-0.475161,-0.600000,0.600000,-0.600000,0.600000,-0.713177,-0.600000,-0.600000,-0.600000,-0.600000,-0.600000,-0.600000,-0.600000,-0.600000,-0.600000,0.600000,0.600000,-0.600000,-0.600000,-0.600000,-0.600000,0.679333,-0.600000,0.600000,-0.600000,-0.600000,-0.600000,-0.600000,-0.600000,0.600000,-0.600000,0.593988,-0.600000,-0.600000,0.397824,-0.600000
17,1,0,0,0,stay,0,28,6,1,-0.600000,1.000000,-0.600000,0.600000,-0.600000,-0.600000,-0.820827,0.600000,-0.600000,-0.600000,0.600000,0.600000,-0.600000,-0.600000,0.600000,-0.600000,-0.600000,-0.689064,0.600000,-0.600000,-0.600000,0.600000,0.600000,-0.600000,0.600000,-0.600000,0.600000,-0.600000,-0.600000,-0.600000,0.600000,-0.658277,0.600000,0.600000,-0.600000,0.600000,-0.465195,-0.600000,0.600000,-0.600000,0.600000,-0.721298,-0.600000,-0.600000,-0.600000,-0.600000,-0.600000,-0.600000,-0.600000,-0.600000,-0.600000,0.600000,0.600000,-0.600000,-0.600000,-0.600000,-0.600000,0.689064,-0.600000,0.600000,-0.600000,-0.600000,-0.600000,-0.600000,-0.600000,0.600000,-0.600000,0.593988,-0.600000,-0.600000,0.387090,-0.600000
18,0,0,0,0,W,0,26,7,1,-0.600000,1.000000,-0.600000,0.600000,-0.600000,-0.600000,-0.830203,0.600000,-0.600000,-0.600000,0.600000,0.600000,-0.600000,-0.600000,0.600000,-0.600000,-0.600000,-0.692272,0.600000,-0.600000,-0.600000,0.600000,0.600000,-0.600000,0.600000,-0.600000,0.600000,-0.600000,-0.600000,-0.600000,0.600000,-0.658277,0.600000,0.600000,-0.600000,0.600000,-0.456497,-0.600000,0.600000,-0.600000,0.600000,-0.728287,-0.600000,-0.600000,-0.600000,-0.600000,-0.600000,-0.600000,-0.600000,-0.600000,-0.600000,0.600000,0.600000,-0.600000,-0.600000,-0.600000,-0.600000,0.692272,-0.600000,0.600000,-0.600000,-0.600000,-0.600000,-0.600000,-0.600000,0.600000,-0.600000,0.593988,-0.600000,-0.600000,0.377638,-0.600000
19,0,0,0,0,stay,0,25,7,1,-0.600000,1.000000,-0.600000,0.600000,-0.600000,-0.600000,-0.838508,0.600000,-0.600000,-0.600000,0.600000,0.600000,-0.600000,-0.600000,0.600000,-0.600000,-0.600000,-0.698632,0.600000,-0.600000,-0.600000,0.600000,0.600000,-0.600000,0.600000,-0.600000,0.600000,-0.600000,-0.600000,-0.600000,0.600000,-0.658277,0.600000,0.600000,-0.600000,0.600000,-0.447826,-0.600000,0.600000,-0.600000,0.600000,-0.735165,-0.600000,-0.600000,-0.600000,-0.600000,-0.600000,-0.600000,-0.600000,-0.600000,-0.600000,0.600000,0.600000,-0.600000,-0.600000,-0.600000,-0.600000,0.698632,-0.600000,0.600000,-0.600000,-0.600000,-0.600000,-0.600000,-0.600000,0.600000,-0.600000,0.593988,-0.600000,-0.600000,0.364793,-0.600000
20,0,0,0,0,stay,0,24,7,1,-0.600000,1.000000,-0.600000,0.600000,-0.600000,-0.600000,-0.841870,0.600000,-0.600000,-0.600000,0.600000,0.600000,-0.600000,-0.600000,0.600000,-0.600000,-0.600000,-0.700735,0.600000,-0.600000,-0.600000,0.600000,0.600000,-0.600000,0.600000,-0.600000,0.600000,-0.600000,-0.600000,-0.600000,0.600000,-0.658277,0.600000,0.600000,-0.600000,0.600000,-0.446589,-0.600000,0.600000,-0.600000,0.600000,-0.736138,-0.600000,-0.600000,-0.600000,-0.600000,-0.600000,-0.600000,-0.600000,-0.600000,-0.600000,0.600000,0.600000,-0.600000,-0.600000,-0.600000,-0.600000,0.700735,-0.600000,0.600000,-0.600000,-0.600000,-0.600000,-0.600000,-0.600000,0.600000,-0.600000,0.593988,-0.600000,-0.600000,0.357865,-0.600000
21,0,0,0,0,stay,0,23,7,1,-0.600000,1.000000,-0.600000,0.600000,-0.600000,-0.600000,-0.850347,0.600000,-0.600000,-0.600000,0.600000,0.600000,-0.600000,-0.600000,0.600000,-0.600000,-0.600000,-0.705957,0.600000,-0.600000,-0.600000,0.600000,0.600000,-0.600000,0.600000,-0.600000,0.600000,-0.600000,-0.600000,-0.600000,0.600000,-0.658277,0.600000,0.600000,-0.600000,0.600000,-0.439185,-0.600000,0.600000,-0.600000,0.600000,-0.741931,-0.600000,-0.600000,-0.600000,-0.600000,-0.600000,-0.600000,-0.600000,-0.600000,-0.600000,0.600000,0.600000,-0.600000,-0.600000,-0.600000,-0.600000,0.705957,-0.600000,0.600000,-0.600000,-0.600000,-0.600000,-0.600000,-0.600000,0.600000,-0.600000,0.593988,-0.600000,-0.600000,0.346450,-0.600000
22,0,0,0,0,stay,0,22,7,1,-0.600000,1.000000,-0.600000,0.600000,-0.600000,-0.600000,-0.857224,0.600000,-0.600000,-0.600000,0.600000,0.600000,-0.600000,-0.600000,0.600000,-0.600000,-0.600000,-0.711125,0.600000,-0.600000,-0.600000,0.600000,0.600000,-0.600000,0.600000,-0.600000,0.600000,-0.600000,-0.600000,-0.600000,0.600000,-0.658277,0.600000,0.600000,-0.600000,0.600000,-0.433035,-0.600000,0.600000,-0.600000,0.600000,-0.746695,-0.600000,-0.600000,-0.600000,-0.600000,-0.600000,-0.600000,-0.600000,-0.600000,-0.600000,0.600000,0.600000,-0.600000,-0.600000,-0.600000,-0.600000,0.711125,-0.600000,0.600000,-0.600000,-0.600000,-0.600000,-0.600000,-0.600000,0.600000,-0.600000,0.593988,-0.600000,-0.600000,0.334095,-0.600000
23,0,0,0,0,stay,0,21,7,1,-0.600000,1.000000,-0.600000,0.600000,-0.600000,-0.600000,-0.864424,0.600000,-0.600000,-0.600000,0.600000,0.600000,-0.600000,-0.600000,0.600000,-0.600000,-0.600000,-0.714200,0.600000,-0.600000,-0.600000,0.600000,0.600000,-0.600000,0.600000,-0.600000,0.600000,-0.600000,-0.600000,-0.600000,0.600000,-0.658277,0.600000,0.600000,-0.600000,0.600000,-0.425683,-0.600000,0.600000,-0.600000,0.600000,-0.752334,-0.600000,-0.600000,-0.600000,-0.600000,-0.600000,-0.600000,-0.600000,-0.600000,-0.600000,0.600000,0.600000,-0.600000,-0.600000,-0.600000,-0.600000,0.714200,-0.600000,0.600000,-0.600000,-0.600000,-0.600000,-0.600000,-0.600000,0.600000,-0.600000,0.592782,-0.600000,-0.600000,0.323055,-0.600000
24,0,0,0,0,stay,0,20,7,1,-0.600000,1.000000,-0.600000,0.600000,-0.600000,-0.600000,-0.871876,0.600000,-0.600000,-0.600000,0.600000,0.600000,-0.600000,-0.600000,0.600000,-0.600000,-0.600000,-0.718269,0.600000,-0.600000,-0.600000,0.600000,0.600000,-0.600000,0.600000,-0.600000,0.600000,-0.600000,-0.600000,-0.600000,0.600000,-0.658277,0.600000,0.600000,-0.600000,0.600000,-0.422018,-0.600000,0.600000,-0.600000,0.600000,-0.755122,-0.600000,-0.600000,-0.600000,-0.600000,-0.600000,-0.600000,-0.600000,-0.600000,-0.600000,0.600000,0.600000,-0.600000,-0.600000,-0.600000,-0.600000,0.718269,-0.600000,0.600000,-0.600000,-0.600000,-0.600000,-0.600000,-0.600000,0.600000,-0.600000,0.592782,-0.600000,-0.600000,0.310064,-0.600000
25,0,0,0,1,W,0,18,8,1,-0.600000,1.000000,-0.600000,0.600000,-0.600000,-0.600000,-0.875742,0.600000,-0.600000,-0.600000,0.600000,0.600000,-0.600000,-0.600000,0.600000,-0.600000,-0.600000,-0.721298,0.600000,-0.600000,-0.600000,0.600000,0.600000,-0.600000,0.600000,-0.600000,0.600000,-0.600000,-0.600000,-0.600000,0.600000,-0.658277,0.600000,0.600000,-0.600000,0.600000,-0.420799,-0.600000,0.600000,-0.600000,0.600000,-0.756046,-0.600000,-0.600000,-0.600000,-0.600000,-0.600000,-0.600000,-0.600000,-0.600000,-0.600000,0.600000,0.600000,-0.600000,-0.600000,-0.600000,-0.600000,0.721298,-0.600000,0.600000,-0.600000,-0.600000,-0.600000,-0.600000,-0.600000,0.600000,-0.600000,0.592782,-0.600000,-0.600000,0.302619,-0.600000
26,0,0,0,1,stay,0,17,8,1,-0.600000,1.000000,-0.600000,0.600000,-0.600000,-0.600000,-0.881616,0.600000,-0.600000,-0.600000,0.600000,0.600000,-0.600000,-0.600000,0.600000,-0.600000,-0.600000,-0.725305,0.600000,-0.600000,-0.600000,0.600000,0.600000,-0.600000,0.600000,-0.600000,0.600000,-0.600000,-0.600000,-0.600000,0.600000,-0.658277,0.600000,0.600000,-0.600000,0.600000,-0.413502,-0.600000,0.600000,-0.600000,0.600000,-0.761544,-0.600000,-0.600000,-0.600000,-0.600000,-0.600000,-0.600000,-0.600000,-0.600000,-0.600000,0.600000,0.600000,-0.600000,-0.600000,-0.600000,-0.600000,0.725305,-0.600000,0.600000,-0.600000,-0.600000,-0.600000,-0.600000,-0.600000,0.600000,-0.600000,0.592782,-0.600000,-0.600000,0.289067,-0.600000
27,0,0,0,1,stay,0,16,8,1,-0.600000,1.000000,-0.600000,0.600000,-0.600000,-0.600000,-0.883691,0.600000,-0.600000,-0.600000,0.600000,0.600000,-0.600000,-0.600000,0.600000,-0.600000,-0.600000,-0.727295,0.600000,-0.600000,-0.600000,0.600000,0.600000,-0.600000,0.600000,-0.600000,0.600000,-0.600000,-0.600000,-0.600000,0.600000,-0.658277,0.600000,0.600000,-0.600000,0.600000,-0.409867,-0.600000,0.600000,-0.600000,0.600000,-0.764261,-0.600000,-0.600000,-0.600000,-0.600000,-0.600000,-0.600000,-0.600000,-0.600000,-0.600000,0.600000,0.600000,-0.600000,-0.600000,-0.600000,-0.600000,0.727295,-0.600000,0.600000,-0.600000,-0.600000,-0.600000,-0.600000,-0.600000,0.600000,-0.600000,0.592782,-0.600000,-0.600000,0.282934,-0.600000
28,0,0,0,1,stay,0,15,8,1,-0.600000,1.000000,-0.600000,0.600000,-0.600000,-0.600000,-0.889729,0.600000,-0.600000,-0.600000,0.600000,0.600000,-0.600000,-0.600000,0.600000,-0.600000,-0.600000,-0.728287,0.600000,-0.600000,-0.600000,0.600000,0.600000,-0.600000,0.600000,-0.600000,0.600000,-0.600000,-0.600000,-0.600000,0.600000,-0.660525,0.600000,0.600000,-0.600000,0.600000,-0.401425,-0.600000,0.600000,-0.600000,0.600000,-0.770516,-0.600000,-0.600000,-0.600000,-0.600000,-0.600000,-0.600000,-0.600000,-0.600000,-0.600000,0.600000,0.600000,-0.600000,-0.600000,-0.600000,-0.600000,0.728287,-0.600000,0.600000,-0.600000,-0.600000,-0.600000,-0.600000,-0.600000,0.600000,-0.600000,0.592782,-0.600000,-0.600000,0.269920,-0.600000
29,0,0,0,0,E,0,13,7,1,-0.600000,1.000000,-0.600000,0.600000,-0.600000,-0.600000,-0.896889,0.600000,-0.600000,-0.600000,0.600000,0.600000,-0.600000,-0.600000,0.600000,-0.600000,-0.600000,-0.732231,0.600000,-0.600000,-0.600000,0.600000,0.600000,-0.600000,0.600000,-0.600000,0.600000,-0.600000,-0.600000,-0.600000,0.600000,-0.660525,0.600000,0.600000,-0.600000,0.600000,-0.394235,-0.600000,0.600000,-0.600000,0.600000,-0.775785,-0.600000,-0.600000,-0.600000,-0.600000,-0.600000,-0.600000,-0.600000,-0.600000,-0.600000,0.600000,0.600000,-0.600000,-0.600000,-0.600000,-0.600000,0.732231,-0.600000,0.600000,-0.600000,-0.600000,-0.600000,-0.600000,-0.600000,0.600000,-0.600000,0.591575,-0.600000,-0.600000,0.259208,-0.600000
30,0,1,0,0,stay,0,12,7,1,-0.600000,1.000000,-0.600000,0.600000,-0.600000,-0.600000,-0.903636,0.600000,-0.600000,-0.600000,0.600000,0.600000,-0.600000,-0.600000,0.600000,-0.600000,-0.600000,-0.733211,0.600000,-0.600000,-0.600000,0.600000,0.600000,-0.600000,0.600000,-0.600000,0.600000,-0.600000,-0.600000,-0.600000,0.600000,-0.660525,0.600000,0.600000,-0.600000,0.600000,-0.391848,-0.600000,0.600000,-0.600000,0.600000,-0.777522,-0.600000,-0.600000,-0.600000,-0.600000,-0.600000,-0.600000,-0.600000,-0.600000,-0.600000,0.600000,0.600000,-0.600000,-0.600000,-0.600000,-0.600000,0.733211,-0.600000,0.600000,-0.600000,-0.600000,-0.600000,-0.600000,-0.600000,0.600000,-0.600000,0.591575,-0.600000,-0.600000,0.249711,-0.600000
31,0,1,0,0,stay,0,11,7,1,-0.600000,1.000000,-0.600000,0.600000,-0.600000,-0.600000,-0.912019,0.600000,-0.600000,-0.600000,0.600000,0.600000,-0.600000,-0.600000,0.600000,-0.600000,-0.600000,-0.736138,0.600000,-0.600000,-0.600000,0.600000,0.600000,-0.600000,0.600000,-0.600000,0.600000,-0.600000,-0.600000,-0.600000,0.600000,-0.660525,0.600000,0.600000,-0.600000,0.600000,-0.388277,-0.600000,0.600000,-0.600000,0.600000,-0.780109,-0.600000,-0.600000,-0.600000,-0.600000,-0.600000,-0.600000,-0.600000,-0.600000,-0.600000,0.600000,0.600000,-0.600000,-0.600000,-0.600000,-0.600000,0.736138,-0.600000,0.600000,-0.600000,-0.600000,-0.600000,-0.600000,-0.600000,0.600000,-0.600000,0.591575,-0.600000,-0.600000,0.239536,-0.600000
32,0,1,0,0,stay,0,10,7,1,-0.600000,1.000000,-0.600000,0.600000,-0.600000,-0.600000,-0.919366,0.600000,-0.600000,-0.600000,0.600000,0.600000,-0.600000,-0.600000,0.600000,-0.600000,-0.600000,-0.740009,0.600000,-0.600000,-0.600000,0.600000,0.600000,-0.600000,0.600000,-0.600000,0.600000,-0.600000,-0.600000,-0.600000,0.600000,-0.660525,0.600000,0.600000,-0.600000,0.600000,-0.385903,-0.600000,0.600000,-0.600000,0.600000,-0.781822,-0.600000,-0.600000,-0.600000,-0.600000,-0.600000,-0.600000,-0.600000,-0.600000,-0.600000,0.600000,0.600000,-0.600000,-0.600000,-0.600000,-0.600000,0.740009,-0.600000,0.600000,-0.600000,-0.600000,-0.600000,-0.600000,-0.600000,0.600000,-0.600000,0.591575,-0.600000,-0.600000,0.228764,-0.600000
33,0,1,0,0,N,0,8,6,1,-0.600000,1.000000,-0.600000,0.600000,-0.600000,-0.600000,-0.924066,0.600000,-0.600000,-0.600000,0.600000,0.600000,-0.600000,-0.600000,0.600000,-0.600000,-0.600000,-0.743843,0.600000,-0.600000,-0.600000,0.600000,0.600000,-0.600000,0.600000,-0.600000,0.600000,-0.600000,-0.600000,-0.600000,0.600000,-0.660525,0.600000,0.600000,-0.600000,0.600000,-0.384718,-0.600000,0.600000,-0.600000,0.600000,-0.782675,-0.600000,-0.600000,-0.600000,-0.600000,-0.600000,-0.600000,-0.600000,-0.600000,-0.600000,0.600000,0.600000,-0.600000,-0.600000,-0.600000,-0.600000,0.743843,-0.600000,0.600000,-0.600000,-0.600000,-0.600000,-0.600000,-0.600000,0.600000,-0.600000,0.591575,-0.600000,-0.600000,0.220911,-0.600000
34,0,1,0,0,stay,0,7,6,1,-0.600000,1.000000,-0.600000,0.600000,-0.600000,-0.600000,-0.930160,0.600000,-0.600000,-0.600000,0.600000,0.600000,-0.600000,-0.600000,0.600000,-0.600000,-0.600000,-0.746695,0.600000,-0.600000,-0.600000,0.600000,0.600000,-0.600000,0.600000,-0.600000,0.600000,-0.600000,-0.600000,-0.600000,0.600000,-0.660525,0.600000,0.600000,-0.600000,0.600000,-0.381172,-0.600000,0.600000,-0.600000,0.600000,-0.785219,-0.600000,-0.600000,-0.600000,-0.600000,-0.600000,-0.600000,-0.600000,-0.600000,-0.600000,0.600000,0.600000,-0.600000,-0.600000,-0.600000,-0.600000,0.746695,-0.600000,0.600000,-0.600000,-0.600000,-0.600000,-0.600000,-0.600000,0.600000,-0.600000,0.591575,-0.600000,-0.600000,0.212414,-0.600000
35,0,1,0,0,stay,0,6,6,1,-0.600000,1.000000,-0.600000,0.600000,-0.600000,-0.600000,-0.932720,0.600000,-0.600000,-0.600000,0.600000,0.600000,-0.600000,-0.600000,0.600000,-0.600000,-0.600000,-0.748584,0.600000,-0.600000,-0.600000,0.600000,0.600000,-0.600000,0.600000,-0.600000,0.600000,-0.600000,-0.600000,-0.600000,0.600000,-0.660525,0.600000,0.600000,-0.600000,0.600000,-0.381172,-0.600000,0.600000,-0.600000,0.600000,-0.785219,-0.600000,-0.600000,-0.600000,-0.600000,-0.600000,-0.600000,-0.600000,-0.600000,-0.600000,0.600000,0.600000,-0.600000,-0.600000,-0.600000,-0.600000,0.748584,-0.600000,0.600000,-0.600000,-0.600000,-0.600000,-0.600000,-0.600000,0.600000,-0.600000,0.591575,-0.600000,-0.600000,0.205790,-0.600000
36,0,1,0,0,stay,0,5,6,1,-0.600000,1.000000,-0.600000,0.600000,-0.600000,-0.600000,-0.937875,0.600000,-0.600000,-0.600000,0.600000,0.600000,-0.600000,-0.600000,0.600000,-0.600000,-0.600000,-0.752334,0.600000,-0.600000,-0.600000,0.600000,0.600000,-0.600000,0.600000,-0.600000,0.600000,-0.600000,-0.600000,-0.600000,0.600000,-0.660525,0.600000,0.600000,-0.600000,0.600000,-0.377638,-0.600000,0.600000,-0.600000,0.600000,-0.787742,-0.600000,-0.600000,-0.600000,-0.600000,-0.600000,-0.600000,-0.600000,-0.600000,-0.600000,0.600000,0.600000,-0.600000,-0.600000,-0.600000,-0.600000,0.752334,-0.600000,0.600000,-0.600000,-0.600000,-0.600000,-0.600000,-0.600000,0.600000,-0.600000,0.591575,-0.600000,-0.600000,0.197726,-0.600000
37,0,1,0,0,stay,0,4,6,1,-0.600000,1.000000,-0.600000,0.600000,-0.600000,-0.600000,-0.943467,0.600000,-0.600000,-0.600000,0.600000,0.600000,-0.600000,-0.600000,0.600000,-0.600000,-0.600000,-0.756046,0.600000,-0.600000,-0.600000,0.600000,0.600000,-0.600000,0.600000,-0.600000,0.600000,-0.600000,-0.600000,-0.600000,0.600000,-0.660525,0.600000,0.600000,-0.600000,0.600000,-0.376463,-0.600000,0.600000,-0.600000,0.600000,-0.788578,-0.600000,-0.600000,-0.600000,-0.600000,-0.600000,-0.600000,-0.600000,-0.600000,-0.600000,0.600000,0.600000,-0.600000,-0.600000,-0.600000,-0.600000,0.756046,-0.600000,0.600000,-0.600000,-0.600000,-0.600000,-0.600000,-0.600000,0.600000,-0.600000,0.591575,-0.600000,-0.600000,0.187602,-0.600000
38,1,0,0,0,W,0,2,7,1,-0.600000,1.000000,-0.600000,0.600000,-0.600000,-0.600000,-0.946081,0.600000,-0.600000,-0.600000,0.600000,0.600000,-0.600000,-0.600000,0.600000,-0.600000,-0.600000,-0.765161,0.600000,-0.600000,-0.600000,0.600000,0.600000,-0.600000,0.600000,-0.600000,0.600000,-0.600000,-0.600000,-0.600000,0.600000,-0.660525,0.600000,0.600000,-0.600000,0.600000,-0.369443,-0.600000,0.600000,-0.600000,0.600000,-0.793544,-0.600000,-0.600000,-0.600000,-0.600000,-0.600000,-0.600000,-0.600000,-0.600000,-0.600000,0.600000,0.600000,-0.600000,-0.600000,-0.600000,-0.600000,0.765161,-0.600000,0.600000,-0.600000,-0.600000,-0.600000,-0.600000,-0.600000,0.600000,-0.600000,0.591575,-0.600000,-0.600000,0.179350,-0.600000
39,1,0,0,0,stay,0,1,7,1,-0.600000,1.000000,-0.600000,0.600000,-0.600000,-0.600000,-0.948336,0.600000,-0.600000,-0.600000,0.600000,0.600000,-0.600000,-0.600000,0.600000,-0.600000,-0.600000,-0.771400,0.600000,-0.600000,-0.600000,0.600000,0.600000,-0.600000,0.600000,-0.600000,0.600000,-0.600000,-0.600000,-0.600000,0.600000,-0.660525,0.600000,0.600000,-0.600000,0.600000,-0.364793,-0.600000,0.600000,-0.600000,0.600000,-0.796806,-0.600000,-0.600000,-0.600000,-0.600000,-0.600000,-0.600000,-0.600000,-0.600000,-0.600000,0.600000,0.600000,-0.600000,-0.600000,-0.600000,-0.600000,0.771400,-0.600000,0.600000,-0.600000,-0.600000,-0.600000,-0.600000,-0.600000,0.600000,-0.600000,0.591575,-0.600000,-0.600000,0.172812,-0.600000
40,1,0,0,0,stay,0,0,7,1,-0.600000,1.000000,-0.600000,0.600000,-0.600000,-0.600000,-0.950737,0.600000,-0.600000,-0.600000,0.600000,0.600000,-0.600000,-0.600000,0.600000,-0.600000,-0.600000,-0.780109,0.600000,-0.600000,-0.600000,0.600000,0.600000,-0.600000,0.600000,-0.600000,0.600000,-0.600000,-0.600000,-0.600000,0.600000,-0.660525,0.600000,0.600000,-0.600000,0.600000,-0.357865,-0.600000,0.600000,-0.600000,0.600000,-0.801627,-0.600000,-0.600000,-0.600000,-0.600000,-0.600000,-0.600000,-0.600000,-0.600000,-0.600000,0.600000,0.600000,-0.600000,-0.600000,-0.600000,-0.600000,0.780109,-0.600000,0.600000,-0.600000,-0.600000,-0.600000,-0.600000,-0.600000,0.600000,-0.600000,0.591575,-0.600000,-0.600000,0.164389,-0.600000
