tick,conn_0_0,conn_0_1,conn_0_2,conn_0_3,conn_0_4,conn_0_5,conn_0_6,conn_0_9,conn_1_1,conn_1_2,conn_1_3,conn_1_4,conn_1_5,conn_1_6,conn_2_1,conn_2_2,conn_2_3,conn_2_4,conn_2_5,conn_2_7,conn_2_8,conn_2_10,conn_3_0,conn_3_1,conn_3_2,conn_3_3,conn_3_4,conn_3_7,conn_3_8,conn_3_9,conn_3_10,conn_4_1,conn_4_4,conn_4_6,conn_4_8,conn_4_9,conn_5_1,conn_5_2,conn_5_3,conn_5_8,conn_5_10,conn_6_0,conn_6_1,conn_6_2,conn_6_4,conn_7_0,conn_7_1,conn_7_5,conn_7_6,conn_7_7,conn_8_0,conn_8_1,conn_8_2,conn_8_3,conn_8_4,conn_8_5,conn_8_6,conn_8_8,conn_8_10,conn_9_0,conn_9_3,conn_9_4,conn_9_5,conn_9_6,conn_10_2,conn_10_3,conn_10_4,conn_10_5,conn_10_6,conn_10_7,conn_10_8,conn_10_9
0,-0.600000,-0.600000,0.600000,-0.600000,-0.600000,1.000000,-0.600000,0.600000,-0.600000,-0.600000,-0.600000,-0.600000,0.600000,0.600000,-0.600000,0.600000,-0.600000,-0.600000,-0.600000,-0.600000,-0.600000,-0.600000,0.600000,-0.600000,0.600000,-0.600000,-0.600000,0.600000,-0.600000,-0.600000,0.600000,-0.600000,-0.600000,0.600000,-0.600000,-0.600000,0.600000,-0.600000,-0.600000,-0.600000,-0.600000,-0.600000,0.600000,-0.600000,-0.600000,0.600000,0.600000,-0.600000,0.600000,0.600000,-0.600000,-0.600000,-0.600000,-0.600000,-0.600000,-0.600000,-0.600000,0.600000,0.600000,-0.600000,0.600000,-0.600000,0.600000,-0.600000,-0.600000,0.600000,-0.600000,0.600000,-0.600000,-0.600000,0.600000,-0.600000
1,-0.600000,-0.600000,0.600000,-0.600000,-0.600000,1.000000,-0.600000,0.609570,-0.600000,-0.600000,-0.600000,-0.600000,0.600000,0.600000,-0.600000,0.600000,-0.600000,-0.600000,-0.600000,-0.600000,-0.600000,-0.600000,0.600000,-0.609570,0.600000,-0.600000,-0.600000,0.600000,-0.600000,-0.600000,0.600000,-0.600000,-0.600000,0.600000,-0.600000,-0.600000,0.589158,-0.589158,-0.600000,-0.600000,-0.600000,-0.600000,0.600000,-0.600000,-0.600000,0.600000,0.600000,-0.602400,0.600000,0.607185,-0.600000,-0.600000,-0.600000,-0.609570,-0.600000,-0.600000,-0.600000,0.600000,0.600000,-0.600000,0.600000,-0.600000,0.600000,-0.600000,-0.600000,0.600000,-0.600000,0.600000,-0.600000,-0.600000,0.600000,-0.600000
2,-0.600000,-0.600000,0.600000,-0.600000,-0.600000,1.000000,-0.600000,0.616694,-0.600000,-0.600000,-0.600000,-0.600000,0.600000,0.600000,-0.600000,0.600000,-0.600000,-0.600000,-0.600000,-0.600000,-0.600000,-0.600000,0.600000,-0.616694,0.600000,-0.600000,-0.600000,0.600000,-0.600000,-0.600000,0.600000,-0.600000,-0.600000,0.600000,-0.600000,-0.600000,0.574567,-0.574567,-0.600000,-0.600000,-0.600000,-0.600000,0.600000,-0.600000,-0.600000,0.600000,0.600000,-0.609570,0.600000,0.619058,-0.600000,-0.600000,-0.600000,-0.616694,-0.600000,-0.600000,-0.600000,0.600000,0.600000,-0.600000,0.600000,-0.600000,0.600000,-0.600000,-0.600000,0.600000,-0.600000,0.600000,-0.600000,-0.600000,0.600000,-0.600000
3,-0.600000,-0.600000,0.600000,-0.600000,-0.600000,1.000000,-0.600000,0.616694,-0.600000,-0.600000,-0.600000,-0.600000,0.600000,0.600000,-0.600000,0.600000,-0.600000,-0.600000,-0.600000,-0.600000,-0.600000,-0.600000,0.600000,-0.616694,0.600000,-0.600000,-0.600000,0.600000,-0.600000,-0.600000,0.600000,-0.600000,-0.600000,0.600000,-0.600000,-0.600000,0.559845,-0.559845,-0.600000,-0.600000,-0.600000,-0.600000,0.600000,-0.600000,-0.600000,0.600000,0.600000,-0.609570,0.600000,0.619058,-0.600000,-0.600000,-0.600000,-0.616694,-0.600000,-0.600000,-0.600000,0.600000,0.600000,-0.600000,0.600000,-0.600000,0.600000,-0.600000,-0.600000,0.600000,-0.600000,0.600000,-0.600000,-0.600000,0.600000,-0.600000
4,-0.600000,-0.600000,0.600000,-0.600000,-0.600000,1.000000,-0.600000,0.619058,-0.600000,-0.600000,-0.600000,-0.600000,0.600000,0.600000,-0.600000,0.600000,-0.600000,-0.600000,-0.600000,-0.600000,-0.600000,-0.600000,0.600000,-0.619058,0.600000,-0.600000,-0.600000,0.600000,-0.600000,-0.600000,0.600000,-0.600000,-0.600000,0.600000,-0.600000,-0.600000,0.545015,-0.545015,-0.600000,-0.600000,-0.600000,-0.600000,0.600000,-0.600000,-0.600000,0.600000,0.600000,-0.609570,0.600000,0.619058,-0.600000,-0.600000,-0.600000,-0.619058,-0.600000,-0.600000,-0.600000,0.600000,0.600000,-0.600000,0.600000,-0.600000,0.600000,-0.600000,-0.600000,0.600000,-0.600000,0.600000,-0.600000,-0.600000,0.600000,-0.600000
5,-0.600000,-0.600000,0.600000,-0.600000,-0.600000,1.000000,-0.600000,0.619058,-0.600000,-0.600000,-0.600000,-0.600000,0.600000,0.600000,-0.600000,0.600000,-0.600000,-0.600000,-0.600000,-0.600000,-0.600000,-0.600000,0.600000,-0.619058,0.600000,-0.600000,-0.600000,0.600000,-0.600000,-0.600000,0.600000,-0.600000,-0.600000,0.600000,-0.600000,-0.600000,0.530103,-0.530103,-0.600000,-0.600000,-0.600000,-0.600000,0.600000,-0.600000,-0.600000,0.600000,0.600000,-0.609570,0.600000,0.619058,-0.600000,-0.600000,-0.600000,-0.619058,-0.600000,-0.600000,-0.600000,0.600000,0.600000,-0.600000,0.600000,-0.600000,0.600000,-0.600000,-0.600000,0.600000,-0.600000,0.600000,-0.600000,-0.600000,0.600000,-0.600000
6,-0.600000,-0.600000,0.600000,-0.600000,-0.600000,1.000000,-0.600000,0.623769,-0.600000,-0.600000,-0.600000,-0.600000,0.600000,0.600000,-0.600000,0.600000,-0.600000,-0.600000,-0.600000,-0.600000,-0.600000,-0.600000,0.600000,-0.623769,0.600000,-0.600000,-0.600000,0.600000,-0.600000,-0.600000,0.600000,-0.600000,-0.600000,0.600000,-0.600000,-0.600000,0.505143,-0.517634,-0.600000,-0.600000,-0.600000,-0.600000,0.600000,-0.600000,-0.600000,0.600000,0.600000,-0.609570,0.600000,0.619058,-0.600000,-0.600000,-0.600000,-0.623769,-0.600000,-0.600000,-0.600000,0.600000,0.600000,-0.600000,0.600000,-0.600000,0.600000,-0.600000,-0.600000,0.600000,-0.600000,0.600000,-0.600000,-0.600000,0.600000,-0.600000
7,-0.600000,-0.600000,0.600000,-0.600000,-0.600000,1.000000,-0.600000,0.630792,-0.600000,-0.600000,-0.600000,-0.600000,0.600000,0.600000,-0.600000,0.600000,-0.600000,-0.600000,-0.600000,-0.600000,-0.600000,-0.600000,0.600000,-0.630792,0.600000,-0.600000,-0.600000,0.600000,-0.600000,-0.600000,0.600000,-0.600000,-0.600000,0.600000,-0.600000,-0.600000,0.483897,-0.510140,-0.600000,-0.600000,-0.600000,-0.600000,0.600000,-0.600000,-0.600000,0.600000,0.600000,-0.609570,0.600000,0.619058,-0.600000,-0.600000,-0.600000,-0.630792,-0.600000,-0.600000,-0.600000,0.600000,0.600000,-0.600000,0.600000,-0.600000,0.600000,-0.600000,-0.600000,0.600000,-0.600000,0.600000,-0.600000,-0.600000,0.600000,-0.600000
8,-0.600000,-0.600000,0.600000,-0.600000,-0.600000,1.000000,-0.600000,0.635443,-0.600000,-0.600000,-0.600000,-0.600000,0.600000,0.600000,-0.600000,0.600000,-0.600000,-0.600000,-0.600000,-0.600000,-0.600000,-0.600000,0.600000,-0.635443,0.600000,-0.600000,-0.600000,0.600000,-0.600000,-0.600000,0.600000,-0.600000,-0.600000,0.600000,-0.600000,-0.600000,0.452776,-0.505142,-0.600000,-0.600000,-0.600000,-0.600000,0.600000,-0.600000,-0.600000,0.600000,0.600000,-0.609570,0.600000,0.619058,-0.600000,-0.600000,-0.600000,-0.635443,-0.600000,-0.600000,-0.600000,0.600000,0.600000,-0.600000,0.600000,-0.600000,0.600000,-0.600000,-0.600000,0.600000,-0.600000,0.600000,-0.600000,-0.600000,0.600000,-0.600000
9,-0.600000,-0.600000,0.600000,-0.600000,-0.600000,1.000000,-0.600000,0.642374,-0.600000,-0.600000,-0.600000,-0.600000,0.600000,0.600000,-0.600000,0.600000,-0.600000,-0.600000,-0.600000,-0.600000,-0.600000,-0.600000,0.602400,-0.642374,0.600000,-0.600000,-0.600000,0.600000,-0.600000,-0.600000,0.600000,-0.600000,-0.600000,0.600000,-0.600000,-0.600000,0.425678,-0.500142,-0.600000,-0.600000,-0.600000,-0.600000,0.602400,-0.600000,-0.600000,0.600000,0.600000,-0.609570,0.600000,0.619058,-0.600000,-0.600000,-0.600000,-0.642374,-0.600000,-0.600000,-0.600000,0.600000,0.600000,-0.600000,0.600000,-0.600000,0.600000,-0.600000,-0.600000,0.600000,-0.600000,0.600000,-0.600000,-0.600000,0.600000,-0.600000
10,-0.600000,-0.600000,0.600000,-0.600000,-0.600000,1.000000,-0.600000,0.646962,-0.600000,-0.600000,-0.600000,-0.600000,0.600000,0.600000,-0.600000,0.600000,-0.600000,-0.600000,-0.600000,-0.600000,-0.600000,-0.600000,0.602400,-0.646962,0.600000,-0.600000,-0.600000,0.600000,-0.600000,-0.600000,0.600000,-0.600000,-0.600000,0.600000,-0.600000,-0.600000,0.405027,-0.493892,-0.600000,-0.600000,-0.600000,-0.600000,0.602400,-0.600000,-0.600000,0.600000,0.600000,-0.609570,0.600000,0.619058,-0.600000,-0.600000,-0.600000,-0.646962,-0.600000,-0.600000,-0.600000,0.600000,0.600000,-0.600000,0.600000,-0.600000,0.600000,-0.600000,-0.600000,0.600000,-0.600000,0.600000,-0.600000,-0.600000,0.600000,-0.600000
11,-0.600000,-0.600000,0.600000,-0.600000,-0.600000,1.000000,-0.600000,0.653794,-0.600000,-0.600000,-0.600000,-0.600000,0.600000,0.600000,-0.600000,0.600000,-0.600000,-0.600000,-0.600000,-0.600000,-0.600000,-0.600000,0.602400,-0.653794,0.600000,-0.600000,-0.600000,0.600000,-0.600000,-0.600000,0.600000,-0.600000,-0.600000,0.600000,-0.600000,-0.600000,0.378798,-0.486395,-0.600000,-0.600000,-0.600000,-0.600000,0.602400,-0.600000,-0.600000,0.600000,0.600000,-0.609570,0.600000,0.619058,-0.600000,-0.600000,-0.600000,-0.653794,-0.600000,-0.600000,-0.600000,0.600000,0.600000,-0.600000,0.600000,-0.600000,0.600000,-0.600000,-0.600000,0.600000,-0.600000,0.600000,-0.600000,-0.600000,0.600000,-0.600000
12,-0.600000,-0.600000,0.600000,-0.600000,-0.600000,1.000000,-0.600000,0.660563,-0.600000,-0.600000,-0.600000,-0.600000,0.600000,0.600000,-0.600000,0.600000,-0.600000,-0.600000,-0.600000,-0.600000,-0.600000,-0.600000,0.602400,-0.660563,0.600000,-0.600000,-0.600000,0.600000,-0.600000,-0.600000,0.600000,-0.600000,-0.600000,0.600000,-0.600000,-0.600000,0.353258,-0.482648,-0.600000,-0.600000,-0.600000,-0.600000,0.602400,-0.600000,-0.600000,0.600000,0.600000,-0.609570,0.600000,0.619058,-0.600000,-0.600000,-0.600000,-0.660563,-0.600000,-0.600000,-0.600000,0.600000,0.600000,-0.600000,0.600000,-0.600000,0.600000,-0.600000,-0.600000,0.600000,-0.600000,0.600000,-0.600000,-0.600000,0.600000,-0.600000
13,-0.600000,-0.600000,0.600000,-0.600000,-0.600000,1.000000,-0.600000,0.667268,-0.600000,-0.600000,-0.600000,-0.600000,0.600000,0.600000,-0.600000,0.600000,-0.600000,-0.600000,-0.600000,-0.600000,-0.600000,-0.600000,0.602400,-0.667268,0.600000,-0.600000,-0.600000,0.600000,-0.600000,-0.600000,0.600000,-0.600000,-0.600000,0.600000,-0.600000,-0.600000,0.329626,-0.475161,-0.600000,-0.600000,-0.600000,-0.600000,0.602400,-0.600000,-0.600000,0.600000,0.600000,-0.609570,0.600000,0.619058,-0.600000,-0.600000,-0.600000,-0.667268,-0.600000,-0.600000,-0.600000,0.600000,0.600000,-0.600000,0.600000,-0.600000,0.600000,-0.600000,-0.600000,0.600000,-0.600000,0.600000,-0.600000,-0.600000,0.600000,-0.600000
14,-0.600000,-0.600000,0.600000,-0.600000,-0.600000,1.000000,-0.600000,0.671701,-0.600000,-0.600000,-0.600000,-0.600000,0.600000,0.600000,-0.600000,0.600000,-0.600000,-0.600000,-0.600000,-0.600000,-0.600000,-0.600000,0.602400,-0.671701,0.600000,-0.600000,-0.600000,0.600000,-0.600000,-0.600000,0.600000,-0.600000,-0.600000,0.600000,-0.600000,-0.600000,0.308959,-0.471421,-0.600000,-0.600000,-0.600000,-0.600000,0.602400,-0.600000,-0.600000,0.600000,0.600000,-0.609570,0.600000,0.619058,-0.600000,-0.600000,-0.600000,-0.671701,-0.600000,-0.600000,-0.600000,0.600000,0.600000,-0.600000,0.600000,-0.600000,0.600000,-0.600000,-0.600000,0.600000,-0.600000,0.600000,-0.600000,-0.600000,0.600000,-0.600000
15,-0.600000,-0.600000,0.600000,-0.600000,-0.600000,1.000000,-0.600000,0.680475,-0.600000,-0.600000,-0.600000,-0.600000,0.600000,0.600000,-0.600000,0.600000,-0.600000,-0.600000,-0.600000,-0.600000,-0.600000,-0.600000,0.604795,-0.680475,0.600000,-0.600000,-0.600000,0.600000,-0.600000,-0.600000,0.600000,-0.600000,-0.600000,0.600000,-0.600000,-0.600000,0.284923,-0.463951,-0.600000,-0.600000,-0.600000,-0.600000,0.604795,-0.600000,-0.600000,0.600000,0.600000,-0.609570,0.600000,0.619058,-0.600000,-0.600000,-0.600000,-0.680475,-0.600000,-0.600000,-0.600000,0.600000,0.600000,-0.600000,0.600000,-0.600000,0.600000,-0.600000,-0.600000,0.600000,-0.600000,0.600000,-0.600000,-0.600000,0.600000,-0.600000
16,-0.600000,-0.600000,0.600000,-0.600000,-0.600000,1.000000,-0.600000,0.684816,-0.600000,-0.600000,-0.600000,-0.600000,0.600000,0.600000,-0.600000,0.600000,-0.600000,-0.600000,-0.600000,-0.600000,-0.600000,-0.600000,0.604795,-0.684816,0.600000,-0.600000,-0.600000,0.600000,-0.600000,-0.600000,0.600000,-0.600000,-0.600000,0.600000,-0.600000,-0.600000,0.267898,-0.458980,-0.600000,-0.600000,-0.600000,-0.600000,0.604795,-0.600000,-0.600000,0.600000,0.600000,-0.609570,0.600000,0.619058,-0.600000,-0.600000,-0.600000,-0.684816,-0.600000,-0.600000,-0.600000,0.600000,0.600000,-0.600000,0.600000,-0.600000,0.600000,-0.600000,-0.600000,0.600000,-0.600000,0.600000,-0.600000,-0.600000,0.600000,-0.600000
17,-0.600000,-0.600000,0.600000,-0.600000,-0.600000,1.000000,-0.600000,0.689125,-0.600000,-0.600000,-0.600000,-0.600000,0.600000,0.600000,-0.600000,0.600000,-0.600000,-0.600000,-0.600000,-0.600000,-0.600000,-0.600000,0.604795,-0.689125,0.600000,-0.600000,-0.600000,0.600000,-0.600000,-0.600000,0.600000,-0.600000,-0.600000,0.600000,-0.600000,-0.600000,0.249653,-0.455257,-0.600000,-0.600000,-0.600000,-0.600000,0.604795,-0.600000,-0.600000,0.600000,0.600000,-0.609570,0.600000,0.619058,-0.600000,-0.600000,-0.600000,-0.689125,-0.600000,-0.600000,-0.600000,0.600000,0.600000,-0.600000,0.600000,-0.600000,0.600000,-0.600000,-0.600000,0.600000,-0.600000,0.600000,-0.600000,-0.600000,0.600000,-0.600000
18,-0.600000,-0.600000,0.600000,-0.600000,-0.600000,1.000000,-0.600000,0.693401,-0.600000,-0.600000,-0.600000,-0.600000,0.600000,0.600000,-0.600000,0.600000,-0.600000,-0.600000,-0.600000,-0.600000,-0.600000,-0.600000,0.604795,-0.693401,0.600000,-0.600000,-0.600000,0.600000,-0.600000,-0.600000,0.600000,-0.600000,-0.600000,0.600000,-0.600000,-0.600000,0.232252,-0.450300,-0.600000,-0.600000,-0.600000,-0.600000,0.604795,-0.600000,-0.600000,0.600000,0.600000,-0.609570,0.600000,0.619058,-0.600000,-0.600000,-0.600000,-0.693401,-0.600000,-0.600000,-0.600000,0.600000,0.600000,-0.600000,0.600000,-0.600000,0.600000,-0.600000,-0.600000,0.600000,-0.600000,0.600000,-0.600000,-0.600000,0.600000,-0.600000
19,-0.600000,-0.600000,0.600000,-0.600000,-0.600000,1.000000,-0.600000,0.697645,-0.600000,-0.600000,-0.600000,-0.600000,0.600000,0.600000,-0.600000,0.600000,-0.600000,-0.600000,-0.600000,-0.600000,-0.600000,-0.600000,0.604795,-0.697645,0.600000,-0.600000,-0.600000,0.600000,-0.600000,-0.600000,0.600000,-0.600000,-0.600000,0.600000,-0.600000,-0.600000,0.215713,-0.445354,-0.600000,-0.600000,-0.600000,-0.600000,0.604795,-0.600000,-0.600000,0.600000,0.600000,-0.609570,0.600000,0.619058,-0.600000,-0.600000,-0.600000,-0.697645,-0.600000,-0.600000,-0.600000,0.600000,0.600000,-0.600000,0.600000,-0.600000,0.600000,-0.600000,-0.600000,0.600000,-0.600000,0.600000,-0.600000,-0.600000,0.600000,-0.600000
20,-0.600000,-0.600000,0.600000,-0.600000,-0.600000,1.000000,-0.600000,0.699755,-0.600000,-0.600000,-0.600000,-0.600000,0.600000,0.600000,-0.600000,0.600000,-0.600000,-0.600000,-0.600000,-0.600000,-0.600000,-0.600000,0.604795,-0.699755,0.600000,-0.600000,-0.600000,0.600000,-0.600000,-0.600000,0.600000,-0.600000,-0.600000,0.600000,-0.600000,-0.600000,0.200048,-0.442884,-0.600000,-0.600000,-0.600000,-0.600000,0.604795,-0.600000,-0.600000,0.600000,0.600000,-0.609570,0.600000,0.619058,-0.600000,-0.600000,-0.600000,-0.699755,-0.600000,-0.600000,-0.600000,0.600000,0.600000,-0.600000,0.600000,-0.600000,0.600000,-0.600000,-0.600000,0.600000,-0.600000,0.600000,-0.600000,-0.600000,0.600000,-0.600000
21,-0.600000,-0.600000,0.600000,-0.600000,-0.600000,1.000000,-0.600000,0.708108,-0.600000,-0.600000,-0.600000,-0.600000,0.600000,0.600000,-0.600000,0.600000,-0.600000,-0.600000,-0.600000,-0.600000,-0.600000,-0.600000,0.609570,-0.708108,0.600000,-0.600000,-0.600000,0.600000,-0.600000,-0.600000,0.600000,-0.600000,-0.600000,0.600000,-0.600000,-0.600000,0.186003,-0.437954,-0.600000,-0.600000,-0.600000,-0.600000,0.609570,-0.600000,-0.600000,0.600000,0.600000,-0.609570,0.600000,0.619058,-0.600000,-0.600000,-0.600000,-0.708108,-0.600000,-0.600000,-0.600000,0.600000,0.600000,-0.600000,0.600000,-0.600000,0.600000,-0.600000,-0.600000,0.600000,-0.600000,0.600000,-0.600000,-0.600000,0.600000,-0.600000
22,-0.600000,-0.600000,0.600000,-0.600000,-0.600000,1.000000,-0.600000,0.712233,-0.600000,-0.600000,-0.600000,-0.600000,0.600000,0.600000,-0.600000,0.600000,-0.600000,-0.600000,-0.600000,-0.600000,-0.600000,-0.600000,0.609570,-0.712233,0.600000,-0.600000,-0.600000,0.600000,-0.600000,-0.600000,0.600000,-0.600000,-0.600000,0.600000,-0.600000,-0.600000,0.171301,-0.431808,-0.600000,-0.600000,-0.600000,-0.600000,0.609570,-0.600000,-0.600000,0.600000,0.600000,-0.609570,0.600000,0.619058,-0.600000,-0.600000,-0.600000,-0.712233,-0.600000,-0.600000,-0.600000,0.600000,0.600000,-0.600000,0.600000,-0.600000,0.600000,-0.600000,-0.600000,0.600000,-0.600000,0.600000,-0.600000,-0.600000,0.600000,-0.600000
23,-0.600000,-0.600000,0.600000,-0.600000,-0.600000,1.000000,-0.600000,0.720378,-0.600000,-0.600000,-0.600000,-0.600000,0.600000,0.600000,-0.600000,0.600000,-0.600000,-0.600000,-0.600000,-0.600000,-0.600000,-0.600000,0.611950,-0.720378,0.600000,-0.600000,-0.600000,0.600000,-0.600000,-0.600000,0.600000,-0.600000,-0.600000,0.600000,-0.600000,-0.600000,0.153582,-0.423239,-0.600000,-0.600000,-0.600000,-0.600000,0.611950,-0.600000,-0.600000,0.600000,0.600000,-0.609570,0.600000,0.619058,-0.600000,-0.600000,-0.600000,-0.720378,-0.600000,-0.600000,-0.600000,0.600000,0.600000,-0.600000,0.600000,-0.600000,0.600000,-0.600000,-0.600000,0.600000,-0.600000,0.600000,-0.600000,-0.600000,0.600000,-0.600000
24,-0.600000,-0.600000,0.600000,-0.600000,-0.600000,1.000000,-0.600000,0.724398,-0.600000,-0.600000,-0.600000,-0.600000,0.600000,0.600000,-0.600000,0.600000,-0.600000,-0.600000,-0.600000,-0.600000,-0.600000,-0.600000,0.611950,-0.724398,0.600000,-0.600000,-0.600000,0.600000,-0.600000,-0.600000,0.600000,-0.600000,-0.600000,0.600000,-0.600000,-0.600000,0.142826,-0.417146,-0.600000,-0.600000,-0.600000,-0.600000,0.611950,-0.600000,-0.600000,0.600000,0.600000,-0.609570,0.600000,0.619058,-0.600000,-0.600000,-0.600000,-0.724398,-0.600000,-0.600000,-0.600000,0.600000,0.600000,-0.600000,0.600000,-0.600000,0.600000,-0.600000,-0.600000,0.600000,-0.600000,0.600000,-0.600000,-0.600000,0.600000,-0.600000
25,-0.600000,-0.600000,0.600000,-0.600000,-0.600000,1.000000,-0.600000,0.728382,-0.600000,-0.600000,-0.600000,-0.600000,0.600000,0.600000,-0.600000,0.600000,-0.600000,-0.600000,-0.600000,-0.600000,-0.600000,-0.600000,0.611950,-0.728382,0.600000,-0.600000,-0.600000,0.600000,-0.600000,-0.600000,0.600000,-0.600000,-0.600000,0.600000,-0.600000,-0.600000,0.130986,-0.412289,-0.600000,-0.600000,-0.600000,-0.600000,0.611950,-0.600000,-0.600000,0.600000,0.600000,-0.609570,0.600000,0.619058,-0.600000,-0.600000,-0.600000,-0.728382,-0.600000,-0.600000,-0.600000,0.600000,0.600000,-0.600000,0.600000,-0.600000,0.600000,-0.600000,-0.600000,0.600000,-0.600000,0.600000,-0.600000,-0.600000,0.600000,-0.600000
26,-0.600000,-0.600000,0.600000,-0.600000,-0.600000,1.000000,-0.600000,0.732330,-0.600000,-0.600000,-0.600000,-0.600000,0.600000,0.600000,-0.600000,0.600000,-0.600000,-0.600000,-0.600000,-0.600000,-0.600000,-0.600000,0.611950,-0.732330,0.600000,-0.600000,-0.600000,0.600000,-0.600000,-0.600000,0.600000,-0.600000,-0.600000,0.600000,-0.600000,-0.600000,0.122121,-0.407449,-0.600000,-0.600000,-0.600000,-0.600000,0.611950,-0.600000,-0.600000,0.600000,0.600000,-0.609570,0.600000,0.619058,-0.600000,-0.600000,-0.600000,-0.732330,-0.600000,-0.600000,-0.600000,0.600000,0.600000,-0.600000,0.600000,-0.600000,0.600000,-0.600000,-0.600000,0.600000,-0.600000,0.600000,-0.600000,-0.600000,0.600000,-0.600000
27,-0.600000,-0.600000,0.600000,-0.600000,-0.600000,1.000000,-0.600000,0.734290,-0.600000,-0.600000,-0.600000,-0.600000,0.600000,0.600000,-0.600000,0.600000,-0.600000,-0.600000,-0.600000,-0.600000,-0.600000,-0.600000,0.611950,-0.734290,0.600000,-0.600000,-0.600000,0.600000,-0.600000,-0.600000,0.600000,-0.600000,-0.600000,0.600000,-0.600000,-0.600000,0.109312,-0.403831,-0.600000,-0.600000,-0.600000,-0.600000,0.611950,-0.600000,-0.600000,0.600000,0.600000,-0.609570,0.600000,0.619058,-0.600000,-0.600000,-0.600000,-0.734290,-0.600000,-0.600000,-0.600000,0.600000,0.600000,-0.600000,0.600000,-0.600000,0.600000,-0.600000,-0.600000,0.600000,-0.600000,0.600000,-0.600000,-0.600000,0.600000,-0.600000
