tick,food_sensed_N,food_sensed_E,food_sensed_S,food_sensed_W,movement,food_consumed,energy,manhattan_dist,decision_made,conn_0_1,conn_0_2,conn_0_4,conn_0_5,conn_0_7,conn_0_10,conn_1_0,conn_1_2,conn_1_4,conn_1_5,conn_1_7,conn_1_8,conn_2_0,conn_2_1,conn_2_2,conn_2_3,conn_2_4,conn_2_5,conn_2_6,conn_2_9,conn_2_10,conn_3_0,conn_3_2,conn_3_3,conn_3_6,conn_3_7,conn_3_8,conn_4_2,conn_4_3,conn_4_4,conn_4_6,conn_4_8,conn_4_10,conn_5_0,conn_5_1,conn_5_2,conn_5_3,conn_5_5,conn_5_8,conn_5_9,conn_5_10,conn_6_4,conn_6_5,conn_6_6,conn_6_7,conn_6_10,conn_7_1,conn_7_2,conn_7_5,conn_7_6,conn_7_10,conn_8_0,conn_8_1,conn_8_2,conn_8_4,conn_8_5,conn_8_6,conn_8_7,conn_8_8,conn_8_9,conn_9_3,conn_9_4,conn_9_5,conn_9_7,conn_9_8,conn_10_3,conn_10_4,conn_10_5,conn_10_6,conn_10_9,conn_10_10
0,0,0,0,0,stay,0,30,0,0,-0.600000,-0.600000,-0.600000,1.000000,-0.600000,0.600000,-0.600000,-0.600000,-0.600000,0.600000,-0.600000,0.600000,0.600000,-0.600000,-0.600000,0.600000,0.600000,-0.600000,-0.600000,0.600000,-0.600000,-0.600000,-0.600000,0.600000,0.600000,-0.600000,-0.600000,0.600000,-0.600000,0.600000,-0.600000,0.600000,-0.600000,-0.600000,-0.600000,0.600000,-0.600000,-0.600000,-0.600000,-0.600000,-0.600000,0.600000,0.600000,-0.600000,-0.600000,-0.600000,-0.600000,-0.600000,-0.600000,-0.600000,-0.600000,0.600000,-0.600000,-0.600000,0.600000,-0.600000,-0.600000,0.600000,-0.600000,0.600000,-0.600000,-0.600000,-0.600000,-0.600000,-0.600000,-0.600000,0.600000,0.600000,-0.600000,0.600000,0.600000
1,0,0,0,1,stay,0,29,0,1,-0.605988,-0.617867,-0.587948,1.000000,-0.600000,0.602404,-0.593988,-0.607183,-0.600000,0.575789,-0.584311,0.584311,0.623756,-0.600000,-0.592782,0.600000,0.600000,-0.600000,-0.600000,0.575789,-0.577009,-0.616685,-0.600000,0.605988,0.616685,-0.600000,-0.607182,0.600000,-0.600000,0.600000,-0.600000,0.584311,-0.600000,-0.592782,-0.600000,0.601200,-0.600000,-0.600000,-0.600000,-0.600000,-0.584311,0.600000,0.600000,-0.600000,-0.600000,-0.600000,-0.600000,-0.600000,-0.592782,-0.607182,-0.597604,0.601200,-0.623756,-0.600000,0.598804,-0.600000,-0.600000,0.607182,-0.577011,0.600000,-0.600000,-0.600000,-0.600000,-0.640065,-0.605988,-0.593988,0.589159,0.591577,-0.600000,0.615502,0.613134
2,0,0,1,0,W,0,27,1,1,-0.605988,-0.627272,-0.565997,1.000000,-0.600000,0.598813,-0.593988,-0.596411,-0.600000,0.565994,-0.568448,0.568448,0.627272,-0.600000,-0.586737,0.593988,0.600000,-0.600000,-0.600000,0.565994,-0.567221,-0.642349,-0.600000,0.605988,0.642349,-0.600000,-0.619048,0.593988,-0.600000,0.600000,-0.600000,0.568448,-0.600000,-0.580664,-0.600000,0.601200,-0.593988,-0.600000,-0.600000,-0.600000,-0.568448,0.600000,0.600000,-0.600000,-0.593988,-0.600000,-0.600000,-0.593988,-0.580664,-0.613131,-0.601213,0.601200,-0.633102,-0.600000,0.586740,-0.605988,-0.600000,0.613131,-0.557383,0.600000,-0.600000,-0.600000,-0.600000,-0.673888,-0.605988,-0.593988,0.583100,0.585525,-0.600000,0.630774,0.624932
3,0,1,0,0,W,0,25,2,1,-0.605988,-0.635423,-0.552444,1.000000,-0.600000,0.607198,-0.593988,-0.591594,-0.600000,0.557380,-0.552441,0.552441,0.635423,-0.600000,-0.573345,0.593988,0.600000,-0.600000,-0.600000,0.557380,-0.558612,-0.654892,-0.600000,0.605988,0.654892,-0.600000,-0.627272,0.593988,-0.600000,0.600000,-0.600000,0.552441,-0.600000,-0.572122,-0.600000,0.601200,-0.593988,-0.600000,-0.600000,-0.600000,-0.552441,0.600000,0.600000,-0.600000,-0.593988,-0.600000,-0.600000,-0.593988,-0.572122,-0.626101,-0.592799,0.601200,-0.641199,-0.600000,0.578232,-0.605988,-0.600000,0.626101,-0.543778,0.600000,-0.600000,-0.600000,-0.600000,-0.693375,-0.605988,-0.593988,0.572125,0.572123,-0.600000,0.645790,0.633104
4,1,0,0,0,W,0,23,3,1,-0.607182,-0.643498,-0.540055,1.000000,-0.600000,0.610781,-0.592782,-0.577027,-0.600000,0.547493,-0.537567,0.537567,0.644645,-0.600000,-0.565994,0.593988,0.600000,-0.600000,-0.600000,0.547493,-0.548731,-0.674957,-0.600000,0.607182,0.674957,-0.600000,-0.633102,0.593988,-0.600000,0.600000,-0.600000,0.537567,-0.600000,-0.565994,-0.600000,0.601200,-0.593988,-0.600000,-0.600000,-0.600000,-0.537567,0.600000,0.602399,-0.600000,-0.593988,-0.600000,-0.600000,-0.596399,-0.565994,-0.633102,-0.591598,0.601200,-0.650355,-0.600000,0.573350,-0.605988,-0.600000,0.633102,-0.528861,0.600000,-0.600000,-0.600000,-0.600000,-0.722364,-0.607182,-0.592782,0.563540,0.564767,-0.600000,0.659402,0.640049
5,0,0,0,0,W,0,21,4,1,-0.607182,-0.644645,-0.540055,1.000000,-0.600000,0.610781,-0.592782,-0.566013,-0.600000,0.546254,-0.525119,0.525119,0.645790,-0.600000,-0.565994,0.593988,0.600000,-0.600000,-0.600000,0.546254,-0.547493,-0.685838,-0.600000,0.607182,0.685838,-0.600000,-0.633102,0.593988,-0.600000,0.600000,-0.600000,0.525119,-0.600000,-0.565994,-0.600000,0.601200,-0.593988,-0.600000,-0.600000,-0.600000,-0.525119,0.600000,0.602399,-0.600000,-0.593988,-0.600000,-0.600000,-0.596399,-0.565994,-0.633102,-0.591598,0.601200,-0.651492,-0.600000,0.573350,-0.605988,-0.600000,0.633102,-0.527615,0.600000,-0.600000,-0.600000,-0.600000,-0.733271,-0.607182,-0.592782,0.551209,0.564767,-0.600000,0.670550,0.640049
6,0,0,0,0,W,0,19,5,1,-0.607182,-0.644645,-0.540055,1.000000,-0.600000,0.610781,-0.592782,-0.551225,-0.600000,0.546254,-0.510140,0.510140,0.645790,-0.600000,-0.565994,0.593988,0.600000,-0.600000,-0.600000,0.546254,-0.547493,-0.698632,-0.600000,0.607182,0.698632,-0.600000,-0.633102,0.593988,-0.600000,0.600000,-0.600000,0.510140,-0.600000,-0.565994,-0.600000,0.601200,-0.593988,-0.600000,-0.600000,-0.600000,-0.510140,0.600000,0.602399,-0.600000,-0.593988,-0.600000,-0.600000,-0.596399,-0.565994,-0.633102,-0.591598,0.601200,-0.651492,-0.600000,0.573350,-0.605988,-0.600000,0.633102,-0.527615,0.600000,-0.600000,-0.600000,-0.600000,-0.744854,-0.607182,-0.592782,0.536329,0.564767,-0.600000,0.683678,0.640049
7,0,0,0,0,W,0,17,6,1,-0.607182,-0.644645,-0.540055,1.000000,-0.600000,0.610781,-0.592782,-0.536344,-0.600000,0.546254,-0.495142,0.495142,0.645790,-0.600000,-0.565994,0.593988,0.600000,-0.600000,-0.600000,0.546254,-0.547493,-0.711125,-0.600000,0.607182,0.711125,-0.600000,-0.633102,0.593988,-0.600000,0.600000,-0.600000,0.495142,-0.600000,-0.565994,-0.600000,0.601200,-0.593988,-0.600000,-0.600000,-0.600000,-0.495142,0.600000,0.602399,-0.600000,-0.593988,-0.600000,-0.600000,-0.596399,-0.565994,-0.633102,-0.591598,0.601200,-0.651492,-0.600000,0.573350,-0.605988,-0.600000,0.633102,-0.527615,0.600000,-0.600000,-0.600000,-0.600000,-0.756102,-0.607182,-0.592782,0.521382,0.564767,-0.600000,0.696520,0.640049
8,0,0,0,0,W,0,15,7,1,-0.607182,-0.644645,-0.540055,1.000000,-0.600000,0.610781,-0.592782,-0.521397,-0.600000,0.546254,-0.480151,0.480151,0.645790,-0.600000,-0.565994,0.593988,0.600000,-0.600000,-0.600000,0.546254,-0.547493,-0.723306,-0.600000,0.607182,0.723306,-0.600000,-0.633102,0.593988,-0.600000,0.600000,-0.600000,0.480151,-0.600000,-0.565994,-0.600000,0.601200,-0.593988,-0.600000,-0.600000,-0.600000,-0.480151,0.600000,0.602399,-0.600000,-0.593988,-0.600000,-0.600000,-0.596399,-0.565994,-0.633102,-0.591598,0.601200,-0.651492,-0.600000,0.573350,-0.605988,-0.600000,0.633102,-0.527615,0.600000,-0.600000,-0.600000,-0.600000,-0.767010,-0.607182,-0.592782,0.506396,0.564767,-0.600000,0.709064,0.640049
9,0,0,1,1,W,0,13,8,1,-0.607182,-0.654892,-0.536327,1.000000,-0.600000,0.613158,-0.592782,-0.521398,-0.600000,0.535081,-0.468930,0.468930,0.654892,-0.600000,-0.562307,0.592782,0.600000,-0.600000,-0.600000,0.535081,-0.536324,-0.733211,-0.600000,0.607182,0.733211,-0.600000,-0.635423,0.592782,-0.600000,0.600000,-0.600000,0.468930,-0.600000,-0.563536,-0.600000,0.601200,-0.592782,-0.600000,-0.600000,-0.600000,-0.468930,0.600000,0.602399,-0.600000,-0.592782,-0.600000,-0.600000,-0.595195,-0.563536,-0.636581,-0.589182,0.601200,-0.661646,-0.600000,0.570903,-0.607182,-0.600000,0.636581,-0.515141,0.600000,-0.600000,-0.600000,-0.600000,-0.783594,-0.607182,-0.592782,0.496396,0.561077,-0.600000,0.718269,0.642352
10,1,0,1,0,W,0,11,9,1,-0.607182,-0.661646,-0.512643,1.000000,-0.600000,0.608412,-0.592782,-0.511411,-0.600000,0.527612,-0.457739,0.457739,0.657151,-0.600000,-0.557380,0.587948,0.600000,-0.600000,-0.600000,0.527612,-0.528858,-0.749525,-0.600000,0.607182,0.749525,-0.600000,-0.646934,0.587948,-0.600000,0.600000,-0.600000,0.457739,-0.600000,-0.551205,-0.600000,0.601200,-0.587948,-0.600000,-0.600000,-0.600000,-0.457739,0.600000,0.603596,-0.600000,-0.587948,-0.600000,-0.600000,-0.591579,-0.551205,-0.641199,-0.595226,0.601200,-0.668335,-0.600000,0.558617,-0.611944,-0.600000,0.641199,-0.496396,0.600000,-0.600000,-0.600000,-0.600000,-0.803295,-0.607182,-0.592782,0.496396,0.556147,-0.600000,0.727295,0.653763
11,1,0,1,0,stay,1,29,9,1,-0.607182,-0.664999,-0.505146,1.000000,-0.600000,0.615541,-0.592782,-0.485167,-0.600000,0.523872,-0.445354,0.445354,0.658279,-0.600000,-0.556146,0.585524,0.600000,-0.600000,-0.600000,0.523872,-0.525119,-0.764261,-0.600000,0.607182,0.764261,-0.600000,-0.648076,0.585524,-0.600000,0.600000,-0.600000,0.445354,-0.600000,-0.549968,-0.600000,0.601200,-0.585524,-0.600000,-0.600000,-0.600000,-0.445354,0.600000,0.615502,-0.600000,-0.585524,-0.600000,-0.600000,-0.601213,-0.549968,-0.642349,-0.600039,0.601200,-0.671654,-0.600000,0.557384,-0.614317,-0.600000,0.642349,-0.486399,0.600000,-0.600000,-0.600000,-0.600000,-0.825272,-0.607182,-0.592782,0.490147,0.554913,-0.600000,0.737110,0.654895
12,1,0,0,0,W,0,27,10,1,-0.607182,-0.673858,-0.487649,1.000000,-0.600000,0.616731,-0.592782,-0.463973,-0.600000,0.513888,-0.428130,0.428130,0.667226,-0.600000,-0.548731,0.585524,0.600000,-0.600000,-0.600000,0.513888,-0.515137,-0.783526,-0.600000,0.607182,0.783526,-0.600000,-0.654892,0.585524,-0.600000,0.600000,-0.600000,0.428130,-0.600000,-0.542534,-0.600000,0.601200,-0.585524,-0.600000,-0.600000,-0.600000,-0.428130,0.600000,0.619048,-0.600000,-0.585524,-0.600000,-0.600000,-0.604805,-0.542534,-0.649216,-0.602445,0.601200,-0.680422,-0.600000,0.549973,-0.614317,-0.600000,0.649216,-0.466443,0.600000,-0.600000,-0.600000,-0.600000,-0.847868,-0.607182,-0.592782,0.482652,0.547494,-0.600000,0.750463,0.661649
13,1,0,0,0,W,0,25,11,1,-0.607182,-0.677148,-0.476413,1.000000,-0.600000,0.620275,-0.592782,-0.437970,-0.600000,0.510140,-0.415930,0.415930,0.670551,-0.600000,-0.546254,0.585524,0.600000,-0.600000,-0.600000,0.510140,-0.511390,-0.796806,-0.600000,0.607182,0.796806,-0.600000,-0.657151,0.585524,-0.600000,0.600000,-0.600000,0.415930,-0.600000,-0.540052,-0.600000,0.601200,-0.585524,-0.600000,-0.600000,-0.600000,-0.415930,0.600000,0.628441,-0.600000,-0.585524,-0.600000,-0.600000,-0.614330,-0.540052,-0.651492,-0.608423,0.601200,-0.683678,-0.600000,0.547497,-0.614317,-0.600000,0.651492,-0.454020,0.600000,-0.600000,-0.600000,-0.600000,-0.864530,-0.607182,-0.592782,0.478907,0.545016,-0.600000,0.759721,0.663886
14,1,0,0,0,stay,0,24,11,1,-0.607182,-0.678242,-0.470180,1.000000,-0.600000,0.630822,-0.592782,-0.400227,-0.600000,0.508891,-0.401425,0.401425,0.671656,-0.600000,-0.546254,0.585524,0.600000,-0.600000,-0.600000,0.508891,-0.510140,-0.811010,-0.600000,0.607182,0.811010,-0.600000,-0.657151,0.585524,-0.600000,0.600000,-0.600000,0.401425,-0.600000,-0.540052,-0.600000,0.601200,-0.585524,-0.600000,-0.600000,-0.600000,-0.401425,0.600000,0.644645,-0.600000,-0.585524,-0.600000,-0.600000,-0.630786,-0.540052,-0.651492,-0.614366,0.601200,-0.684759,-0.600000,0.547497,-0.614317,-0.600000,0.651492,-0.446592,0.600000,-0.600000,-0.600000,-0.600000,-0.882782,-0.607182,-0.592782,0.470179,0.545016,-0.600000,0.770516,0.663886
15,0,0,0,1,W,0,22,12,1,-0.607182,-0.695461,-0.460227,1.000000,-0.600000,0.635473,-0.592782,-0.401423,-0.600000,0.488893,-0.384718,0.384718,0.689066,-0.600000,-0.538810,0.585524,0.600000,-0.600000,-0.600000,0.488893,-0.490143,-0.821522,-0.600000,0.607182,0.821522,-0.600000,-0.662766,0.585524,-0.600000,0.600000,-0.600000,0.384718,-0.600000,-0.533837,-0.600000,0.601200,-0.585524,-0.600000,-0.600000,-0.600000,-0.384718,0.600000,0.645790,-0.600000,-0.585524,-0.600000,-0.600000,-0.631951,-0.533837,-0.658277,-0.610811,0.601200,-0.701784,-0.600000,0.541298,-0.614317,-0.600000,0.658277,-0.423239,0.600000,-0.600000,-0.600000,-0.600000,-0.897946,-0.607182,-0.592782,0.456501,0.537569,-0.600000,0.782675,0.669446
16,1,0,0,0,W,0,20,13,1,-0.607182,-0.700735,-0.435494,1.000000,-0.600000,0.637798,-0.592782,-0.371768,-0.600000,0.482648,-0.368278,0.368278,0.694402,-0.600000,-0.535081,0.585524,0.600000,-0.600000,-0.600000,0.482648,-0.483897,-0.837110,-0.600000,0.607182,0.837110,-0.600000,-0.674957,0.585524,-0.600000,0.600000,-0.600000,0.368278,-0.600000,-0.520130,-0.600000,0.601200,-0.585524,-0.600000,-0.600000,-0.600000,-0.368278,0.600000,0.654892,-0.600000,-0.585524,-0.600000,-0.600000,-0.641211,-0.520130,-0.661646,-0.617925,0.601200,-0.706995,-0.600000,0.527616,-0.614317,-0.600000,0.661646,-0.406241,0.600000,-0.600000,-0.600000,-0.600000,-0.912957,-0.607182,-0.592782,0.450304,0.533838,-0.600000,0.794363,0.681512
17,1,0,0,0,stay,1,29,13,1,-0.607182,-0.706995,-0.422020,1.000000,-0.600000,0.642413,-0.592782,-0.343041,-0.600000,0.475161,-0.352137,0.352137,0.700737,-0.600000,-0.531348,0.585524,0.600000,-0.600000,-0.600000,0.475161,-0.476408,-0.851583,-0.600000,0.607182,0.851583,-0.600000,-0.678242,0.585524,-0.600000,0.600000,-0.600000,0.352137,-0.600000,-0.516385,-0.600000,0.601200,-0.585524,-0.600000,-0.600000,-0.600000,-0.352137,0.600000,0.664999,-0.600000,-0.585524,-0.600000,-0.600000,-0.651504,-0.516385,-0.664999,-0.623818,0.601200,-0.713177,-0.600000,0.523877,-0.614317,-0.600000,0.664999,-0.389463,0.600000,-0.600000,-0.600000,-0.600000,-0.926631,-0.607182,-0.592782,0.442887,0.530104,-0.600000,0.805578,0.684761
18,1,0,0,0,stay,0,28,13,1,-0.607182,-0.710096,-0.412290,1.000000,-0.600000,0.649283,-0.592782,-0.315410,-0.600000,0.471421,-0.338562,0.338562,0.703876,-0.600000,-0.527612,0.585524,0.600000,-0.600000,-0.600000,0.471421,-0.472667,-0.863213,-0.600000,0.607182,0.863213,-0.600000,-0.680422,0.585524,-0.600000,0.600000,-0.600000,0.338562,-0.600000,-0.513888,-0.600000,0.601200,-0.585524,-0.600000,-0.600000,-0.600000,-0.338562,0.600000,0.674957,-0.600000,-0.585524,-0.600000,-0.600000,-0.661658,-0.513888,-0.668335,-0.627338,0.601200,-0.716239,-0.600000,0.521382,-0.614317,-0.600000,0.668335,-0.378810,0.600000,-0.600000,-0.600000,-0.600000,-0.936534,-0.607182,-0.592782,0.435496,0.526367,-0.600000,0.814818,0.686918
19,0,0,0,1,W,0,26,14,1,-0.607182,-0.730263,-0.397826,1.000000,-0.600000,0.650432,-0.592782,-0.312175,-0.600000,0.446589,-0.319781,0.319781,0.724308,-0.600000,-0.520130,0.585524,0.600000,-0.600000,-0.600000,0.446589,-0.447826,-0.875713,-0.600000,0.607182,0.875713,-0.600000,-0.686916,0.585524,-0.600000,0.600000,-0.600000,0.319781,-0.600000,-0.506391,-0.600000,0.601200,-0.585524,-0.600000,-0.600000,-0.600000,-0.319781,0.600000,0.676053,-0.600000,-0.585524,-0.600000,-0.600000,-0.662777,-0.506391,-0.674957,-0.627347,0.601200,-0.736138,-0.600000,0.513892,-0.614317,-0.600000,0.674957,-0.348706,0.600000,-0.600000,-0.600000,-0.600000,-0.948222,-0.607182,-0.592782,0.422022,0.518883,-0.600000,0.827321,0.693340
20,0,0,0,1,stay,0,25,14,1,-0.608374,-0.742888,-0.388278,1.000000,-0.600000,0.652709,-0.591575,-0.312173,-0.600000,0.429355,-0.308994,0.308994,0.738080,-0.600000,-0.513888,0.585524,0.600000,-0.600000,-0.600000,0.429355,-0.430581,-0.883147,-0.600000,0.608374,0.883147,-0.600000,-0.692272,0.585524,-0.600000,0.600000,-0.600000,0.308994,-0.600000,-0.500142,-0.600000,0.601200,-0.585524,-0.600000,-0.600000,-0.600000,-0.308994,0.600000,0.676053,-0.600000,-0.585524,-0.600000,-0.600000,-0.662777,-0.500142,-0.680422,-0.625012,0.601200,-0.749525,-0.600000,0.508895,-0.614317,-0.600000,0.680422,-0.330745,0.600000,-0.600000,-0.600000,-0.600000,-0.954706,-0.608374,-0.591575,0.413505,0.512640,-0.600000,0.834359,0.699689
21,0,0,0,0,W,0,23,15,1,-0.608374,-0.744796,-0.368271,1.000000,-0.600000,0.645883,-0.591575,-0.299425,-0.600000,0.426906,-0.299460,0.299460,0.740011,-0.600000,-0.513888,0.585524,0.600000,-0.600000,-0.600000,0.426906,-0.428130,-0.890193,-0.600000,0.608374,0.890193,-0.600000,-0.703875,0.585524,-0.600000,0.600000,-0.600000,0.299460,-0.600000,-0.486395,-0.600000,0.601200,-0.585524,-0.600000,-0.600000,-0.600000,-0.299460,0.600000,0.676053,-0.600000,-0.585524,-0.600000,-0.600000,-0.662777,-0.486395,-0.680422,-0.632021,0.601200,-0.751400,-0.600000,0.495147,-0.614317,-0.600000,0.680422,-0.321942,0.600000,-0.600000,-0.600000,-0.600000,-0.958052,-0.608374,-0.591575,0.409870,0.512640,-0.600000,0.840496,0.711129
22,0,0,0,0,stay,1,29,15,1,-0.608374,-0.751400,-0.352130,1.000000,-0.600000,0.645895,-0.591575,-0.283917,-0.600000,0.418362,-0.284970,0.284970,0.746696,-0.600000,-0.505142,0.585524,0.600000,-0.600000,-0.600000,0.418362,-0.419580,-0.900512,-0.600000,0.608374,0.900512,-0.600000,-0.711125,0.585524,-0.600000,0.600000,-0.600000,0.284970,-0.600000,-0.477656,-0.600000,0.601200,-0.585524,-0.600000,-0.600000,-0.600000,-0.284970,0.600000,0.676053,-0.600000,-0.585524,-0.600000,-0.600000,-0.662777,-0.477656,-0.687991,-0.632031,0.601200,-0.757888,-0.600000,0.486399,-0.614317,-0.600000,0.687991,-0.306842,0.600000,-0.600000,-0.600000,-0.600000,-0.963525,-0.608374,-0.591575,0.401428,0.503893,-0.600000,0.849673,0.718273
23,1,0,0,0,W,0,27,16,1,-0.608374,-0.752334,-0.348713,1.000000,-0.600000,0.654998,-0.591575,-0.263993,-0.600000,0.417146,-0.274881,0.274881,0.747642,-0.600000,-0.503892,0.585524,0.600000,-0.600000,-0.600000,0.417146,-0.418362,-0.905770,-0.600000,0.608374,0.905770,-0.600000,-0.712152,0.585524,-0.600000,0.600000,-0.600000,0.274881,-0.600000,-0.476408,-0.600000,0.601200,-0.585524,-0.600000,-0.600000,-0.600000,-0.274881,0.600000,0.685838,-0.600000,-0.585524,-0.600000,-0.600000,-0.672768,-0.476408,-0.689064,-0.633196,0.601200,-0.758806,-0.600000,0.485150,-0.614317,-0.600000,0.689064,-0.303657,0.600000,-0.600000,-0.600000,-0.600000,-0.967216,-0.608374,-0.591575,0.391851,0.502643,-0.600000,0.855960,0.719285
24,0,0,1,0,W,0,25,17,1,-0.608374,-0.757888,-0.332975,1.000000,-0.600000,0.653878,-0.591575,-0.253417,-0.600000,0.409867,-0.261135,0.261135,0.747642,-0.600000,-0.496392,0.578228,0.600000,-0.600000,-0.600000,0.409867,-0.411078,-0.914767,-0.600000,0.608374,0.914767,-0.600000,-0.718269,0.578228,-0.600000,0.600000,-0.600000,0.261135,-0.600000,-0.468930,-0.600000,0.601200,-0.578228,-0.600000,-0.600000,-0.600000,-0.261135,0.600000,0.686916,-0.600000,-0.578228,-0.600000,-0.600000,-0.667248,-0.468930,-0.695461,-0.635526,0.601200,-0.764261,-0.600000,0.477660,-0.621405,-0.600000,0.695461,-0.289048,0.600000,-0.600000,-0.600000,-0.600000,-0.971529,-0.608374,-0.591575,0.384722,0.495143,-0.600000,0.864392,0.725309
25,0,0,0,0,W,0,23,18,1,-0.608374,-0.764261,-0.316517,1.000000,-0.600000,0.652759,-0.591575,-0.239474,-0.600000,0.401425,-0.246908,0.246908,0.754196,-0.600000,-0.487644,0.578228,0.600000,-0.600000,-0.600000,0.401425,-0.402628,-0.922977,-0.600000,0.608374,0.922977,-0.600000,-0.725305,0.578228,-0.600000,0.600000,-0.600000,0.246908,-0.600000,-0.460222,-0.600000,0.601200,-0.578228,-0.600000,-0.600000,-0.600000,-0.246908,0.600000,0.686916,-0.600000,-0.578228,-0.600000,-0.600000,-0.667248,-0.460222,-0.702830,-0.636695,0.601200,-0.770516,-0.600000,0.468934,-0.621405,-0.600000,0.702830,-0.273866,0.600000,-0.600000,-0.600000,-0.600000,-0.975289,-0.608374,-0.591575,0.376466,0.486396,-0.600000,0.872961,0.732235
26,0,0,0,0,stay,0,22,18,1,-0.608374,-0.770516,-0.301558,1.000000,-0.600000,0.652771,-0.591575,-0.226065,-0.600000,0.393041,-0.234107,0.234107,0.760635,-0.600000,-0.478903,0.578228,0.600000,-0.600000,-0.600000,0.393041,-0.394235,-0.930458,-0.600000,0.608374,0.930458,-0.600000,-0.732231,0.578228,-0.600000,0.600000,-0.600000,0.234107,-0.600000,-0.451539,-0.600000,0.601200,-0.578228,-0.600000,-0.600000,-0.600000,-0.234107,0.600000,0.686916,-0.600000,-0.578228,-0.600000,-0.600000,-0.667248,-0.451539,-0.710096,-0.636706,0.601200,-0.776655,-0.600000,0.460227,-0.621405,-0.600000,0.710096,-0.260152,0.600000,-0.600000,-0.600000,-0.600000,-0.978564,-0.608374,-0.591575,0.368281,0.477657,-0.600000,0.880537,0.739049
27,0,0,0,0,W,0,20,19,1,-0.608374,-0.776655,-0.285984,1.000000,-0.600000,0.651650,-0.591575,-0.213195,-0.600000,0.384718,-0.220911,0.220911,0.766957,-0.600000,-0.470175,0.578228,0.600000,-0.600000,-0.600000,0.384718,-0.385903,-0.937261,-0.600000,0.608374,0.937261,-0.600000,-0.739045,0.578228,-0.600000,0.600000,-0.600000,0.220911,-0.600000,-0.442884,-0.600000,0.601200,-0.578228,-0.600000,-0.600000,-0.600000,-0.220911,0.600000,0.686916,-0.600000,-0.578228,-0.600000,-0.600000,-0.667248,-0.442884,-0.717255,-0.637874,0.601200,-0.782675,-0.600000,0.451543,-0.621405,-0.600000,0.717255,-0.245961,0.600000,-0.600000,-0.600000,-0.600000,-0.981413,-0.608374,-0.591575,0.360171,0.468931,-0.600000,0.888218,0.745750
28,0,0,0,0,stay,0,19,19,1,-0.608374,-0.776655,-0.285984,1.000000,-0.600000,0.651650,-0.591575,-0.203290,-0.600000,0.384718,-0.211577,0.211577,0.766957,-0.600000,-0.470175,0.578228,0.600000,-0.600000,-0.600000,0.384718,-0.385903,-0.940706,-0.600000,0.608374,0.940706,-0.600000,-0.739045,0.578228,-0.600000,0.600000,-0.600000,0.211577,-0.600000,-0.442884,-0.600000,0.601200,-0.578228,-0.600000,-0.600000,-0.600000,-0.211577,0.600000,0.686916,-0.600000,-0.578228,-0.600000,-0.600000,-0.667248,-0.442884,-0.717255,-0.637874,0.601200,-0.782675,-0.600000,0.451543,-0.621405,-0.600000,0.717255,-0.245961,0.600000,-0.600000,-0.600000,-0.600000,-0.982479,-0.608374,-0.591575,0.347587,0.468931,-0.600000,0.893574,0.745750
29,1,0,0,1,W,0,17,20,1,-0.608374,-0.786063,-0.285984,1.000000,-0.600000,0.665157,-0.591575,-0.194514,-0.600000,0.371777,-0.201728,0.201728,0.776656,-0.600000,-0.467684,0.578228,0.600000,-0.600000,-0.600000,0.371777,-0.372946,-0.943972,-0.600000,0.608374,0.943972,-0.600000,-0.739045,0.578228,-0.600000,0.600000,-0.600000,0.201728,-0.600000,-0.442884,-0.600000,0.601200,-0.578228,-0.600000,-0.600000,-0.600000,-0.201728,0.600000,0.697577,-0.600000,-0.578228,-0.600000,-0.600000,-0.678264,-0.442884,-0.719281,-0.635563,0.601200,-0.791898,-0.600000,0.451543,-0.621405,-0.600000,0.719281,-0.235891,0.600000,-0.600000,-0.600000,-0.600000,-0.985121,-0.608374,-0.591575,0.334098,0.466441,-0.600000,0.899158,0.745750
30,0,0,0,0,W,0,15,21,1,-0.608374,-0.786904,-0.269903,1.000000,-0.600000,0.660694,-0.591575,-0.185271,-0.600000,0.370609,-0.194568,0.194568,0.777523,-0.600000,-0.466440,0.578228,0.600000,-0.600000,-0.600000,0.370609,-0.371777,-0.947320,-0.600000,0.608374,0.947320,-0.600000,-0.749525,0.578228,-0.600000,0.600000,-0.600000,0.194568,-0.600000,-0.429355,-0.600000,0.601200,-0.578228,-0.600000,-0.600000,-0.600000,-0.194568,0.600000,0.697577,-0.600000,-0.578228,-0.600000,-0.600000,-0.678264,-0.429355,-0.720290,-0.640187,0.601200,-0.792722,-0.600000,0.437958,-0.621405,-0.600000,0.720290,-0.230519,0.600000,-0.600000,-0.600000,-0.600000,-0.986116,-0.608374,-0.591575,0.329659,0.465196,-0.600000,0.903173,0.756050
31,0,0,0,0,stay,1,29,21,1,-0.608374,-0.791072,-0.257273,1.000000,-0.600000,0.658459,-0.591575,-0.172763,-0.600000,0.364793,-0.183815,0.183815,0.781824,-0.600000,-0.460222,0.578228,0.600000,-0.600000,-0.600000,0.364793,-0.365953,-0.952558,-0.600000,0.608374,0.952558,-0.600000,-0.755122,0.578228,-0.600000,0.600000,-0.600000,0.183815,-0.600000,-0.422018,-0.600000,0.601200,-0.578228,-0.600000,-0.600000,-0.600000,-0.183815,0.600000,0.697577,-0.600000,-0.578228,-0.600000,-0.600000,-0.678264,-0.422018,-0.725305,-0.642497,0.601200,-0.796806,-0.600000,0.430586,-0.621405,-0.600000,0.725305,-0.220035,0.600000,-0.600000,-0.600000,-0.600000,-0.987853,-0.608374,-0.591575,0.321965,0.458981,-0.600000,0.909136,0.761548
32,0,0,0,1,W,0,27,22,1,-0.608374,-0.803215,-0.248758,1.000000,-0.600000,0.659591,-0.591575,-0.172048,-0.600000,0.347584,-0.174248,0.174248,0.794364,-0.600000,-0.454017,0.578228,0.600000,-0.600000,-0.600000,0.347584,-0.348720,-0.956053,-0.600000,0.608374,0.956053,-0.600000,-0.759721,0.578228,-0.600000,0.600000,-0.600000,0.174248,-0.600000,-0.415930,-0.600000,0.601200,-0.578228,-0.600000,-0.600000,-0.600000,-0.174248,0.600000,0.697577,-0.600000,-0.578228,-0.600000,-0.600000,-0.678264,-0.415930,-0.730263,-0.641355,0.601200,-0.808696,-0.600000,0.424465,-0.621405,-0.600000,0.730263,-0.204133,0.600000,-0.600000,-0.600000,-0.600000,-0.989587,-0.608374,-0.591575,0.312212,0.452779,-0.600000,0.914375,0.766064
33,0,0,0,0,W,0,25,23,1,-0.608374,-0.804793,-0.234080,1.000000,-0.600000,0.653961,-0.591575,-0.165031,-0.600000,0.345318,-0.169261,0.169261,0.795995,-0.600000,-0.452778,0.578228,0.600000,-0.600000,-0.600000,0.345318,-0.346450,-0.958511,-0.600000,0.608374,0.958511,-0.600000,-0.768741,0.578228,-0.600000,0.600000,-0.600000,0.169261,-0.600000,-0.403831,-0.600000,0.601200,-0.578228,-0.600000,-0.600000,-0.600000,-0.169261,0.600000,0.697577,-0.600000,-0.578228,-0.600000,-0.600000,-0.678264,-0.403831,-0.731248,-0.647091,0.601200,-0.810241,-0.600000,0.412294,-0.621405,-0.600000,0.731248,-0.197700,0.600000,-0.600000,-0.600000,-0.600000,-0.990286,-0.608374,-0.591575,0.311138,0.451540,-0.600000,0.917082,0.774916
34,0,0,0,0,stay,1,29,23,1,-0.608374,-0.807921,-0.224351,1.000000,-0.600000,0.653970,-0.591575,-0.156915,-0.600000,0.340807,-0.161655,0.161655,0.799228,-0.600000,-0.446589,0.578228,0.600000,-0.600000,-0.600000,0.340807,-0.341932,-0.961585,-0.600000,0.608374,0.961585,-0.600000,-0.774038,0.578228,-0.600000,0.600000,-0.600000,0.161655,-0.600000,-0.396627,-0.600000,0.601200,-0.578228,-0.600000,-0.600000,-0.600000,-0.161655,0.600000,0.697577,-0.600000,-0.578228,-0.600000,-0.600000,-0.678264,-0.396627,-0.736138,-0.647099,0.601200,-0.813302,-0.600000,0.405041,-0.621405,-0.600000,0.736138,-0.190648,0.600000,-0.600000,-0.600000,-0.600000,-0.991206,-0.608374,-0.591575,0.304739,0.445355,-0.600000,0.921177,0.780113
35,1,0,0,0,W,0,27,24,1,-0.608374,-0.807921,-0.223481,1.000000,-0.600000,0.664091,-0.591575,-0.142860,-0.600000,0.340807,-0.154327,0.154327,0.799228,-0.600000,-0.446589,0.578228,0.600000,-0.600000,-0.600000,0.340807,-0.341932,-0.963746,-0.600000,0.608374,0.963746,-0.600000,-0.774038,0.578228,-0.600000,0.600000,-0.600000,0.154327,-0.600000,-0.396627,-0.600000,0.601200,-0.578228,-0.600000,-0.600000,-0.600000,-0.154327,0.600000,0.708031,-0.600000,-0.578228,-0.600000,-0.600000,-0.689086,-0.396627,-0.736138,-0.648241,0.601200,-0.813302,-0.600000,0.405041,-0.621405,-0.600000,0.736138,-0.189877,0.600000,-0.600000,-0.600000,-0.600000,-0.992118,-0.608374,-0.591575,0.294239,0.445355,-0.600000,0.925088,0.780113
36,0,0,0,0,W,0,25,25,1,-0.608374,-0.807921,-0.223481,1.000000,-0.600000,0.665207,-0.591575,-0.135068,-0.600000,0.340807,-0.146645,0.146645,0.799228,-0.600000,-0.446589,0.578228,0.600000,-0.600000,-0.600000,0.340807,-0.341932,-0.965790,-0.600000,0.608374,0.965790,-0.600000,-0.774038,0.578228,-0.600000,0.600000,-0.600000,0.146645,-0.600000,-0.396627,-0.600000,0.601200,-0.578228,-0.600000,-0.600000,-0.600000,-0.146645,0.600000,0.709064,-0.600000,-0.578228,-0.600000,-0.600000,-0.690158,-0.396627,-0.736138,-0.648241,0.601200,-0.813302,-0.600000,0.405041,-0.621405,-0.600000,0.736138,-0.189877,0.600000,-0.600000,-0.600000,-0.600000,-0.992612,-0.608374,-0.591575,0.281922,0.445355,-0.600000,0.929150,0.780113
37,0,0,1,0,W,0,23,26,1,-0.608374,-0.807921,-0.223481,1.000000,-0.600000,0.665207,-0.591575,-0.128199,-0.600000,0.340807,-0.139282,0.139282,0.799228,-0.600000,-0.446589,0.578228,0.600000,-0.600000,-0.600000,0.340807,-0.341932,-0.967722,-0.600000,0.608374,0.967722,-0.600000,-0.774038,0.578228,-0.600000,0.600000,-0.600000,0.139282,-0.600000,-0.396627,-0.600000,0.601200,-0.578228,-0.600000,-0.600000,-0.600000,-0.139282,0.600000,0.709064,-0.600000,-0.578228,-0.600000,-0.600000,-0.690158,-0.396627,-0.736138,-0.648241,0.601200,-0.813302,-0.600000,0.405041,-0.621405,-0.600000,0.736138,-0.189877,0.600000,-0.600000,-0.600000,-0.600000,-0.993040,-0.608374,-0.591575,0.269923,0.445355,-0.600000,0.933007,0.780113
38,1,0,0,1,E,0,21,24,1,-0.608374,-0.816324,-0.223481,1.000000,-0.600000,0.678453,-0.591575,-0.123244,-0.600000,0.328551,-0.132231,0.132231,0.807922,-0.600000,-0.441650,0.578228,0.600000,-0.600000,-0.600000,0.328551,-0.329656,-0.969549,-0.600000,0.608374,0.969549,-0.600000,-0.774038,0.578228,-0.600000,0.600000,-0.600000,0.132231,-0.600000,-0.396627,-0.600000,0.601200,-0.578228,-0.600000,-0.600000,-0.600000,-0.132231,0.600000,0.717255,-0.600000,-0.578228,-0.600000,-0.600000,-0.698654,-0.396627,-0.740009,-0.643670,0.601200,-0.821522,-0.600000,0.405041,-0.621405,-0.600000,0.740009,-0.181548,0.600000,-0.600000,-0.600000,-0.600000,-0.994040,-0.608374,-0.591575,0.258250,0.440419,-0.600000,0.936669,0.780113
39,0,0,0,0,W,0,19,23,1,-0.608374,-0.817074,-0.209875,1.000000,-0.600000,0.674080,-0.591575,-0.117412,-0.600000,0.327448,-0.127700,0.127700,0.808698,-0.600000,-0.440417,0.578228,0.600000,-0.600000,-0.600000,0.327448,-0.328551,-0.971275,-0.600000,0.608374,0.971275,-0.600000,-0.783526,0.578228,-0.600000,0.600000,-0.600000,0.127700,-0.600000,-0.383535,-0.600000,0.601200,-0.578228,-0.600000,-0.600000,-0.600000,-0.127700,0.600000,0.717255,-0.600000,-0.578228,-0.600000,-0.600000,-0.698654,-0.383535,-0.740971,-0.648249,0.601200,-0.822256,-0.600000,0.391852,-0.621405,-0.600000,0.740971,-0.177126,0.600000,-0.600000,-0.600000,-0.600000,-0.994414,-0.608374,-0.591575,0.255384,0.439186,-0.600000,0.939006,0.789415
40,0,0,0,0,stay,1,29,23,1,-0.608374,-0.817074,-0.209875,1.000000,-0.600000,0.674080,-0.591575,-0.111324,-0.600000,0.327448,-0.121686,0.121686,0.808698,-0.600000,-0.440417,0.578228,0.600000,-0.600000,-0.600000,0.327448,-0.328551,-0.972906,-0.600000,0.608374,0.972906,-0.600000,-0.783526,0.578228,-0.600000,0.600000,-0.600000,0.121686,-0.600000,-0.383535,-0.600000,0.601200,-0.578228,-0.600000,-0.600000,-0.600000,-0.121686,0.600000,0.717255,-0.600000,-0.578228,-0.600000,-0.600000,-0.698654,-0.383535,-0.740971,-0.648249,0.601200,-0.822256,-0.600000,0.391852,-0.621405,-0.600000,0.740971,-0.177126,0.600000,-0.600000,-0.600000,-0.600000,-0.994738,-0.608374,-0.591575,0.245053,0.439186,-0.600000,0.942088,0.789415
41,0,0,0,0,W,0,27,22,1,-0.608374,-0.817074,-0.209875,1.000000,-0.600000,0.674080,-0.591575,-0.105514,-0.600000,0.327448,-0.115406,0.115406,0.808698,-0.600000,-0.440417,0.578228,0.600000,-0.600000,-0.600000,0.327448,-0.328551,-0.974447,-0.600000,0.608374,0.974447,-0.600000,-0.783526,0.578228,-0.600000,0.600000,-0.600000,0.115406,-0.600000,-0.383535,-0.600000,0.601200,-0.578228,-0.600000,-0.600000,-0.600000,-0.115406,0.600000,0.717255,-0.600000,-0.578228,-0.600000,-0.600000,-0.698654,-0.383535,-0.740971,-0.648249,0.601200,-0.822256,-0.600000,0.391852,-0.621405,-0.600000,0.740971,-0.177126,0.600000,-0.600000,-0.600000,-0.600000,-0.995044,-0.608374,-0.591575,0.234110,0.439186,-0.600000,0.945283,0.789415
42,0,0,0,0,W,0,25,21,1,-0.608374,-0.817074,-0.209875,1.000000,-0.600000,0.674080,-0.591575,-0.099973,-0.600000,0.327448,-0.109409,0.109409,0.808698,-0.600000,-0.440417,0.578228,0.600000,-0.600000,-0.600000,0.327448,-0.328551,-0.975903,-0.600000,0.608374,0.975903,-0.600000,-0.783526,0.578228,-0.600000,0.600000,-0.600000,0.109409,-0.600000,-0.383535,-0.600000,0.601200,-0.578228,-0.600000,-0.600000,-0.600000,-0.109409,0.600000,0.717255,-0.600000,-0.578228,-0.600000,-0.600000,-0.698654,-0.383535,-0.740971,-0.648249,0.601200,-0.822256,-0.600000,0.391852,-0.621405,-0.600000,0.740971,-0.177126,0.600000,-0.600000,-0.600000,-0.600000,-0.995332,-0.608374,-0.591575,0.223510,0.439186,-0.600000,0.948311,0.789415
43,1,0,0,1,W,0,23,20,1,-0.608374,-0.825164,-0.209875,1.000000,-0.600000,0.686060,-0.591575,-0.095555,-0.600000,0.315442,-0.103688,0.103688,0.817075,-0.600000,-0.437954,0.578228,0.600000,-0.600000,-0.600000,0.315442,-0.316524,-0.977278,-0.600000,0.608374,0.977278,-0.600000,-0.783526,0.578228,-0.600000,0.600000,-0.600000,0.103688,-0.600000,-0.383535,-0.600000,0.601200,-0.578228,-0.600000,-0.600000,-0.600000,-0.103688,0.600000,0.726301,-0.600000,-0.578228,-0.600000,-0.600000,-0.708052,-0.383535,-0.742888,-0.645967,0.601200,-0.830165,-0.600000,0.391852,-0.621405,-0.600000,0.742888,-0.169238,0.600000,-0.600000,-0.600000,-0.600000,-0.996024,-0.608374,-0.591575,0.213255,0.436724,-0.600000,0.951180,0.789415
44,0,0,1,0,W,0,21,19,1,-0.608374,-0.826605,-0.191397,1.000000,-0.600000,0.680664,-0.591575,-0.088846,-0.600000,0.313285,-0.098232,0.098232,0.817078,-0.600000,-0.435493,0.575789,0.600000,-0.600000,-0.600000,0.313285,-0.314362,-0.979299,-0.600000,0.608374,0.979299,-0.600000,-0.795994,0.575789,-0.600000,0.600000,-0.600000,0.098232,-0.600000,-0.365953,-0.600000,0.601200,-0.575789,-0.600000,-0.600000,-0.600000,-0.098232,0.600000,0.727295,-0.600000,-0.575789,-0.600000,-0.600000,-0.707020,-0.365953,-0.744796,-0.652806,0.601200,-0.831572,-0.600000,0.374121,-0.623756,-0.600000,0.744796,-0.162311,0.600000,-0.600000,-0.600000,-0.600000,-0.996438,-0.608374,-0.591575,0.209914,0.434265,-0.600000,0.953898,0.801630
45,0,0,1,0,stay,1,29,19,1,-0.608374,-0.826605,-0.191397,1.000000,-0.600000,0.680664,-0.591575,-0.084098,-0.600000,0.313285,-0.093457,0.093457,0.817078,-0.600000,-0.435493,0.575789,0.600000,-0.600000,-0.600000,0.313285,-0.314362,-0.980484,-0.600000,0.608374,0.980484,-0.600000,-0.795994,0.575789,-0.600000,0.600000,-0.600000,0.093457,-0.600000,-0.365953,-0.600000,0.601200,-0.575789,-0.600000,-0.600000,-0.600000,-0.093457,0.600000,0.727295,-0.600000,-0.575789,-0.600000,-0.600000,-0.707020,-0.365953,-0.744796,-0.652806,0.601200,-0.831572,-0.600000,0.374121,-0.623756,-0.600000,0.744796,-0.162311,0.600000,-0.600000,-0.600000,-0.600000,-0.996645,-0.608374,-0.591575,0.200925,0.434265,-0.600000,0.956263,0.801630
46,1,0,0,1,W,0,27,18,1,-0.608374,-0.834359,-0.191397,1.000000,-0.600000,0.692519,-0.591575,-0.081435,-0.600000,0.301564,-0.088486,0.088486,0.825168,-0.600000,-0.429355,0.575789,0.600000,-0.600000,-0.600000,0.301564,-0.302619,-0.981602,-0.600000,0.608374,0.981602,-0.600000,-0.795994,0.575789,-0.600000,0.600000,-0.600000,0.088486,-0.600000,-0.365953,-0.600000,0.601200,-0.575789,-0.600000,-0.600000,-0.600000,-0.088486,0.600000,0.733211,-0.600000,-0.575789,-0.600000,-0.600000,-0.713202,-0.365953,-0.749525,-0.647123,0.601200,-0.839148,-0.600000,0.374121,-0.623756,-0.600000,0.749525,-0.154958,0.600000,-0.600000,-0.600000,-0.600000,-0.997099,-0.608374,-0.591575,0.191450,0.428131,-0.600000,0.958710,0.801630
47,0,0,0,0,W,0,25,17,1,-0.608374,-0.835051,-0.177819,1.000000,-0.600000,0.688254,-0.591575,-0.076694,-0.600000,0.300511,-0.085306,0.085306,0.825889,-0.600000,-0.428130,0.575789,0.600000,-0.600000,-0.600000,0.300511,-0.301564,-0.982742,-0.600000,0.608374,0.982742,-0.600000,-0.805578,0.575789,-0.600000,0.600000,-0.600000,0.085306,-0.600000,-0.352137,-0.600000,0.601200,-0.575789,-0.600000,-0.600000,-0.600000,-0.085306,0.600000,0.734189,-0.600000,-0.575789,-0.600000,-0.600000,-0.714225,-0.352137,-0.750463,-0.652816,0.601200,-0.839823,-0.600000,0.360172,-0.623756,-0.600000,0.750463,-0.150423,0.600000,-0.600000,-0.600000,-0.600000,-0.997309,-0.608374,-0.591575,0.189904,0.426907,-0.600000,0.960268,0.811013
48,0,0,0,0,stay,1,29,17,1,-0.608374,-0.839823,-0.167100,1.000000,-0.600000,0.688269,-0.591575,-0.071538,-0.600000,0.293198,-0.079990,0.079990,0.830873,-0.600000,-0.419580,0.575789,0.600000,-0.600000,-0.600000,0.293198,-0.294237,-0.984516,-0.600000,0.608374,0.984516,-0.600000,-0.811776,0.575789,-0.600000,0.600000,-0.600000,0.079990,-0.600000,-0.343059,-0.600000,0.601200,-0.575789,-0.600000,-0.600000,-0.600000,-0.079990,0.600000,0.734189,-0.600000,-0.575789,-0.600000,-0.600000,-0.714225,-0.343059,-0.756968,-0.652828,0.601200,-0.844483,-0.600000,0.351000,-0.623756,-0.600000,0.756968,-0.141679,0.600000,-0.600000,-0.600000,-0.600000,-0.997673,-0.608374,-0.591575,0.184570,0.418364,-0.600000,0.962860,0.817077
49,0,0,0,1,W,0,27,16,1,-0.608374,-0.853472,-0.156904,1.000000,-0.600000,0.687210,-0.591575,-0.071206,-0.600000,0.271898,-0.074630,0.074630,0.845143,-0.600000,-0.411078,0.575789,0.600000,-0.600000,-0.600000,0.271898,-0.272890,-0.986110,-0.600000,0.608374,0.986110,-0.600000,-0.817074,0.575789,-0.600000,0.600000,-0.600000,0.074630,-0.600000,-0.335209,-0.600000,0.601200,-0.575789,-0.600000,-0.600000,-0.600000,-0.074630,0.600000,0.734189,-0.600000,-0.575789,-0.600000,-0.600000,-0.714225,-0.335209,-0.763357,-0.653974,0.601200,-0.857802,-0.600000,0.343063,-0.623756,-0.600000,0.763357,-0.124902,0.600000,-0.600000,-0.600000,-0.600000,-0.998124,-0.608374,-0.591575,0.179352,0.409868,-0.600000,0.965457,0.822259
50,0,0,0,1,stay,0,26,16,1,-0.608374,-0.866723,-0.147849,1.000000,-0.600000,0.688299,-0.591575,-0.071206,-0.600000,0.250650,-0.069928,0.069928,0.859023,-0.600000,-0.401425,0.575789,0.600000,-0.600000,-0.600000,0.250650,-0.251592,-0.987542,-0.600000,0.608374,0.987542,-0.600000,-0.822256,0.575789,-0.600000,0.600000,-0.600000,0.069928,-0.600000,-0.327448,-0.600000,0.601200,-0.575789,-0.600000,-0.600000,-0.600000,-0.069928,0.600000,0.734189,-0.600000,-0.575789,-0.600000,-0.600000,-0.714225,-0.327448,-0.770516,-0.652855,0.601200,-0.870722,-0.600000,0.335213,-0.623756,-0.600000,0.770516,-0.109855,0.600000,-0.600000,-0.600000,-0.600000,-0.998496,-0.608374,-0.591575,0.174250,0.400225,-0.600000,0.967722,0.827324
51,0,0,0,0,S,0,24,17,1,-0.608374,-0.869021,-0.142260,1.000000,-0.600000,0.688307,-0.591575,-0.068280,-0.600000,0.246908,-0.066738,0.066738,0.861432,-0.600000,-0.396627,0.575789,0.600000,-0.600000,-0.600000,0.246908,-0.247840,-0.988319,-0.600000,0.608374,0.988319,-0.600000,-0.825886,0.575789,-0.600000,0.600000,-0.600000,0.066738,-0.600000,-0.321962,-0.600000,0.601200,-0.575789,-0.600000,-0.600000,-0.600000,-0.066738,0.600000,0.734189,-0.600000,-0.575789,-0.600000,-0.600000,-0.714225,-0.321962,-0.774038,-0.652862,0.601200,-0.872961,-0.600000,0.329660,-0.623756,-0.600000,0.774038,-0.105997,0.600000,-0.600000,-0.600000,-0.600000,-0.998619,-0.608374,-0.591575,0.169969,0.395431,-0.600000,0.969251,0.830873
52,1,0,0,0,W,0,22,16,1,-0.608374,-0.872404,-0.133335,1.000000,-0.600000,0.688323,-0.591575,-0.063056,-0.600000,0.241365,-0.061915,0.061915,0.864981,-0.600000,-0.388277,0.575789,0.600000,-0.600000,-0.600000,0.241365,-0.242283,-0.989526,-0.600000,0.608374,0.989526,-0.600000,-0.830870,0.575789,-0.600000,0.600000,-0.600000,0.061915,-0.600000,-0.314362,-0.600000,0.601200,-0.575789,-0.600000,-0.600000,-0.600000,-0.061915,0.600000,0.735165,-0.600000,-0.575789,-0.600000,-0.600000,-0.715246,-0.314362,-0.780109,-0.654007,0.601200,-0.876257,-0.600000,0.321966,-0.623756,-0.600000,0.780109,-0.099531,0.600000,-0.600000,-0.600000,-0.600000,-0.998805,-0.608374,-0.591575,0.164391,0.387091,-0.600000,0.971553,0.835742
53,1,0,0,0,stay,0,21,16,1,-0.608374,-0.874068,-0.129900,1.000000,-0.600000,0.690472,-0.591575,-0.059875,-0.600000,0.238626,-0.059627,0.059627,0.866726,-0.600000,-0.384718,0.575789,0.600000,-0.600000,-0.600000,0.238626,-0.239536,-0.990131,-0.600000,0.608374,0.990131,-0.600000,-0.832970,0.575789,-0.600000,0.600000,-0.600000,0.059627,-0.600000,-0.311135,-0.600000,0.601200,-0.575789,-0.600000,-0.600000,-0.600000,-0.059627,0.600000,0.737110,-0.600000,-0.575789,-0.600000,-0.600000,-0.717280,-0.311135,-0.782675,-0.654012,0.601200,-0.877877,-0.600000,0.318697,-0.623756,-0.600000,0.782675,-0.096870,0.600000,-0.600000,-0.600000,-0.600000,-0.998903,-0.608374,-0.591575,0.160980,0.383536,-0.600000,0.972641,0.837794
54,0,0,1,0,W,0,19,15,1,-0.608374,-0.874068,-0.129900,1.000000,-0.600000,0.691541,-0.591575,-0.056310,-0.600000,0.238626,-0.056343,0.056343,0.866726,-0.600000,-0.384718,0.575789,0.600000,-0.600000,-0.600000,0.238626,-0.239536,-0.990702,-0.600000,0.608374,0.990702,-0.600000,-0.832970,0.575789,-0.600000,0.600000,-0.600000,0.056343,-0.600000,-0.311135,-0.600000,0.601200,-0.575789,-0.600000,-0.600000,-0.600000,-0.056343,0.600000,0.738079,-0.600000,-0.575789,-0.600000,-0.600000,-0.718294,-0.311135,-0.782675,-0.654012,0.601200,-0.877877,-0.600000,0.318697,-0.623756,-0.600000,0.782675,-0.096870,0.600000,-0.600000,-0.600000,-0.600000,-0.998972,-0.608374,-0.591575,0.153026,0.383536,-0.600000,0.974197,0.837794
55,1,0,1,0,W,0,17,14,1,-0.608374,-0.874068,-0.129900,1.000000,-0.600000,0.703159,-0.591575,-0.050477,-0.600000,0.238626,-0.053230,0.053230,0.866726,-0.600000,-0.384718,0.575789,0.600000,-0.600000,-0.600000,0.238626,-0.239536,-0.991240,-0.600000,0.608374,0.991240,-0.600000,-0.832970,0.575789,-0.600000,0.600000,-0.600000,0.053230,-0.600000,-0.311135,-0.600000,0.601200,-0.575789,-0.600000,-0.600000,-0.600000,-0.053230,0.600000,0.748584,-0.600000,-0.575789,-0.600000,-0.600000,-0.729301,-0.311135,-0.782675,-0.654012,0.601200,-0.877877,-0.600000,0.318697,-0.623756,-0.600000,0.782675,-0.096870,0.600000,-0.600000,-0.600000,-0.600000,-0.999084,-0.608374,-0.591575,0.145397,0.383536,-0.600000,0.975666,0.837794
56,1,0,0,1,W,0,15,13,1,-0.608374,-0.874068,-0.129900,1.000000,-0.600000,0.715541,-0.591575,-0.045003,-0.600000,0.238626,-0.050279,0.050279,0.866726,-0.600000,-0.384718,0.575789,0.600000,-0.600000,-0.600000,0.238626,-0.239536,-0.991747,-0.600000,0.608374,0.991747,-0.600000,-0.832970,0.575789,-0.600000,0.600000,-0.600000,0.050279,-0.600000,-0.311135,-0.600000,0.601200,-0.575789,-0.600000,-0.600000,-0.600000,-0.050279,0.600000,0.759721,-0.600000,-0.575789,-0.600000,-0.600000,-0.740995,-0.311135,-0.782675,-0.654012,0.601200,-0.877877,-0.600000,0.318697,-0.623756,-0.600000,0.782675,-0.096870,0.600000,-0.600000,-0.600000,-0.600000,-0.999188,-0.608374,-0.591575,0.138087,0.383536,-0.600000,0.977054,0.837794
57,0,0,1,0,W,0,13,12,1,-0.608374,-0.874068,-0.121631,1.000000,-0.600000,0.711459,-0.591575,-0.042284,-0.600000,0.238626,-0.048399,0.048399,0.866726,-0.600000,-0.384718,0.575789,0.600000,-0.600000,-0.600000,0.238626,-0.239536,-0.992225,-0.600000,0.608374,0.992225,-0.600000,-0.839823,0.575789,-0.600000,0.600000,-0.600000,0.048399,-0.600000,-0.300511,-0.600000,0.601200,-0.575789,-0.600000,-0.600000,-0.600000,-0.048399,0.600000,0.760633,-0.600000,-0.575789,-0.600000,-0.600000,-0.741955,-0.300511,-0.782675,-0.659651,0.601200,-0.877877,-0.600000,0.307931,-0.623756,-0.600000,0.782675,-0.094700,0.600000,-0.600000,-0.600000,-0.600000,-0.999239,-0.608374,-0.591575,0.136308,0.383536,-0.600000,0.977936,0.844486
58,0,0,1,0,stay,1,29,12,1,-0.608374,-0.875166,-0.117414,1.000000,-0.600000,0.710439,-0.591575,-0.040884,-0.600000,0.236811,-0.046143,0.046143,0.865569,-0.600000,-0.381172,0.570898,0.600000,-0.600000,-0.600000,0.236811,-0.237717,-0.992712,-0.600000,0.608374,0.992712,-0.600000,-0.842500,0.570898,-0.600000,0.600000,-0.600000,0.046143,-0.600000,-0.296320,-0.600000,0.601200,-0.570898,-0.600000,-0.600000,-0.600000,-0.046143,0.600000,0.760633,-0.600000,-0.570898,-0.600000,-0.600000,-0.738112,-0.296320,-0.785219,-0.660779,0.601200,-0.878947,-0.600000,0.303681,-0.628441,-0.600000,0.785219,-0.092154,0.600000,-0.600000,-0.600000,-0.600000,-0.999295,-0.608374,-0.591575,0.132808,0.379994,-0.600000,0.978992,0.847099
59,0,0,0,0,W,0,27,11,1,-0.608374,-0.875166,-0.117414,1.000000,-0.600000,0.710439,-0.591575,-0.038590,-0.600000,0.236811,-0.043567,0.043567,0.865569,-0.600000,-0.381172,0.570898,0.600000,-0.600000,-0.600000,0.236811,-0.237717,-0.993135,-0.600000,0.608374,0.993135,-0.600000,-0.842500,0.570898,-0.600000,0.600000,-0.600000,0.043567,-0.600000,-0.296320,-0.600000,0.601200,-0.570898,-0.600000,-0.600000,-0.600000,-0.043567,0.600000,0.760633,-0.600000,-0.570898,-0.600000,-0.600000,-0.738112,-0.296320,-0.785219,-0.660779,0.601200,-0.878947,-0.600000,0.303681,-0.628441,-0.600000,0.785219,-0.092154,0.600000,-0.600000,-0.600000,-0.600000,-0.999336,-0.608374,-0.591575,0.126036,0.379994,-0.600000,0.980194,0.847099
60,0,0,0,0,W,0,25,10,1,-0.608374,-0.875166,-0.117414,1.000000,-0.600000,0.710439,-0.591575,-0.036419,-0.600000,0.236811,-0.041129,0.041129,0.865569,-0.600000,-0.381172,0.570898,0.600000,-0.600000,-0.600000,0.236811,-0.237717,-0.993533,-0.600000,0.608374,0.993533,-0.600000,-0.842500,0.570898,-0.600000,0.600000,-0.600000,0.041129,-0.600000,-0.296320,-0.600000,0.601200,-0.570898,-0.600000,-0.600000,-0.600000,-0.041129,0.600000,0.760633,-0.600000,-0.570898,-0.600000,-0.600000,-0.738112,-0.296320,-0.785219,-0.660779,0.601200,-0.878947,-0.600000,0.303681,-0.628441,-0.600000,0.785219,-0.092154,0.600000,-0.600000,-0.600000,-0.600000,-0.999374,-0.608374,-0.591575,0.119562,0.379994,-0.600000,0.981328,0.847099
61,0,0,0,1,W,0,23,9,1,-0.608374,-0.885199,-0.111823,1.000000,-0.600000,0.711479,-0.591575,-0.036244,-0.600000,0.220051,-0.038080,0.038080,0.876263,-0.600000,-0.374117,0.570898,0.600000,-0.600000,-0.600000,0.220051,-0.220911,-0.994146,-0.600000,0.608374,0.994146,-0.600000,-0.846447,0.570898,-0.600000,0.600000,-0.600000,0.038080,-0.600000,-0.290096,-0.600000,0.601200,-0.570898,-0.600000,-0.600000,-0.600000,-0.038080,0.600000,0.760633,-0.600000,-0.570898,-0.600000,-0.600000,-0.738112,-0.290096,-0.790243,-0.659668,0.601200,-0.888715,-0.600000,0.297368,-0.628441,-0.600000,0.790243,-0.082567,0.600000,-0.600000,-0.600000,-0.600000,-0.999486,-0.608374,-0.591575,0.113882,0.372947,-0.600000,0.982742,0.850951
62,0,0,1,0,W,0,21,8,1,-0.608374,-0.885707,-0.104565,1.000000,-0.600000,0.706328,-0.591575,-0.034701,-0.600000,0.219192,-0.036816,0.036816,0.875723,-0.600000,-0.372946,0.568448,0.600000,-0.600000,-0.600000,0.219192,-0.220051,-0.994486,-0.600000,0.608374,0.994486,-0.600000,-0.852215,0.568448,-0.600000,0.600000,-0.600000,0.036816,-0.600000,-0.280907,-0.600000,0.601200,-0.568448,-0.600000,-0.600000,-0.600000,-0.036816,0.600000,0.760633,-0.600000,-0.568448,-0.600000,-0.600000,-0.736176,-0.280907,-0.791072,-0.665264,0.601200,-0.889209,-0.600000,0.288043,-0.630774,-0.600000,0.791072,-0.079947,0.600000,-0.600000,-0.600000,-0.600000,-0.999518,-0.608374,-0.591575,0.113378,0.371778,-0.600000,0.983327,0.856579
63,0,0,1,0,stay,1,29,8,1,-0.608374,-0.889209,-0.097735,1.000000,-0.600000,0.706342,-0.591575,-0.033377,-0.600000,0.213253,-0.034407,0.034407,0.875723,-0.600000,-0.364793,0.559845,0.600000,-0.600000,-0.600000,0.213253,-0.214094,-0.995059,-0.600000,0.608374,0.995059,-0.600000,-0.857190,0.559845,-0.600000,0.600000,-0.600000,0.034407,-0.600000,-0.272890,-0.600000,0.601200,-0.559845,-0.600000,-0.600000,-0.600000,-0.034407,0.600000,0.760633,-0.600000,-0.559845,-0.600000,-0.600000,-0.729331,-0.272890,-0.796806,-0.665277,0.601200,-0.892617,-0.600000,0.279901,-0.638893,-0.600000,0.796806,-0.074937,0.600000,-0.600000,-0.600000,-0.600000,-0.999583,-0.608374,-0.591575,0.109900,0.363635,-0.600000,0.984440,0.861432
64,0,0,0,1,W,0,27,7,1,-0.608374,-0.899158,-0.091305,1.000000,-0.600000,0.705320,-0.591575,-0.033216,-0.600000,0.196142,-0.031995,0.031995,0.886727,-0.600000,-0.356716,0.559845,0.600000,-0.600000,-0.600000,0.196142,-0.196933,-0.995572,-0.600000,0.608374,0.995572,-0.600000,-0.861429,0.559845,-0.600000,0.600000,-0.600000,0.031995,-0.600000,-0.265993,-0.600000,0.601200,-0.559845,-0.600000,-0.600000,-0.600000,-0.031995,0.600000,0.760633,-0.600000,-0.559845,-0.600000,-0.600000,-0.729331,-0.265993,-0.802422,-0.666403,0.601200,-0.902293,-0.600000,0.272894,-0.638893,-0.600000,0.802422,-0.065456,0.600000,-0.600000,-0.600000,-0.600000,-0.999664,-0.608374,-0.591575,0.106516,0.355570,-0.600000,0.985550,0.865564
65,0,0,0,1,stay,0,26,7,1,-0.608374,-0.908721,-0.085650,1.000000,-0.600000,0.706375,-0.591575,-0.033216,-0.600000,0.179350,-0.029747,0.029747,0.897335,-0.600000,-0.347584,0.559845,0.600000,-0.600000,-0.600000,0.179350,-0.180088,-0.996033,-0.600000,0.608374,0.996033,-0.600000,-0.865562,0.559845,-0.600000,0.600000,-0.600000,0.029747,-0.600000,-0.259208,-0.600000,0.601200,-0.559845,-0.600000,-0.600000,-0.600000,-0.029747,0.600000,0.760633,-0.600000,-0.559845,-0.600000,-0.600000,-0.729331,-0.259208,-0.808696,-0.665305,0.601200,-0.911589,-0.600000,0.265996,-0.638893,-0.600000,0.808696,-0.057100,0.600000,-0.600000,-0.600000,-0.600000,-0.999731,-0.608374,-0.591575,0.102761,0.346451,-0.600000,0.986583,0.869592
66,0,0,0,1,stay,0,25,7,1,-0.608374,-0.917462,-0.079944,1.000000,-0.600000,0.706389,-0.591575,-0.033216,-0.600000,0.163702,-0.027652,0.027652,0.907054,-0.600000,-0.339684,0.559845,0.600000,-0.600000,-0.600000,0.163702,-0.164389,-0.996446,-0.600000,0.608374,0.996446,-0.600000,-0.870157,0.559845,-0.600000,0.600000,-0.600000,0.027652,-0.600000,-0.251592,-0.600000,0.601200,-0.559845,-0.600000,-0.600000,-0.600000,-0.027652,0.600000,0.760633,-0.600000,-0.559845,-0.600000,-0.600000,-0.729331,-0.251592,-0.814061,-0.665318,0.601200,-0.920079,-0.600000,0.258251,-0.638893,-0.600000,0.814061,-0.049754,0.600000,-0.600000,-0.600000,-0.600000,-0.999784,-0.608374,-0.591575,0.099124,0.338564,-0.600000,0.987542,0.874070
67,0,0,0,0,W,0,23,6,1,-0.608374,-0.918217,-0.073891,1.000000,-0.600000,0.701185,-0.591575,-0.031644,-0.600000,0.162335,-0.026594,0.026594,0.907895,-0.600000,-0.338562,0.559845,0.600000,-0.600000,-0.600000,0.162335,-0.163018,-0.996652,-0.600000,0.608374,0.996652,-0.600000,-0.876257,0.559845,-0.600000,0.600000,-0.600000,0.026594,-0.600000,-0.241365,-0.600000,0.601200,-0.559845,-0.600000,-0.600000,-0.600000,-0.026594,0.600000,0.760633,-0.600000,-0.559845,-0.600000,-0.600000,-0.729331,-0.241365,-0.814818,-0.670868,0.601200,-0.920813,-0.600000,0.247844,-0.638893,-0.600000,0.814818,-0.047890,0.600000,-0.600000,-0.600000,-0.600000,-0.999799,-0.608374,-0.591575,0.098233,0.337444,-0.600000,0.988026,0.880011
68,0,0,0,0,stay,1,29,6,1,-0.608374,-0.918593,-0.072532,1.000000,-0.600000,0.700140,-0.591575,-0.029997,-0.600000,0.161655,-0.025451,0.025451,0.908313,-0.600000,-0.337443,0.559845,0.600000,-0.600000,-0.600000,0.161655,-0.162335,-0.996847,-0.600000,0.608374,0.996847,-0.600000,-0.877339,0.559845,-0.600000,0.600000,-0.600000,0.025451,-0.600000,-0.239536,-0.600000,0.601200,-0.559845,-0.600000,-0.600000,-0.600000,-0.025451,0.600000,0.760633,-0.600000,-0.559845,-0.600000,-0.600000,-0.729331,-0.239536,-0.815572,-0.671973,0.601200,-0.921177,-0.600000,0.245982,-0.638893,-0.600000,0.815572,-0.047210,0.600000,-0.600000,-0.600000,-0.600000,-0.999812,-0.608374,-0.591575,0.095170,0.336326,-0.600000,0.988548,0.881065
69,0,0,0,0,W,0,27,5,1,-0.608374,-0.918593,-0.072532,1.000000,-0.600000,0.700140,-0.591575,-0.028296,-0.600000,0.161655,-0.024001,0.024001,0.908313,-0.600000,-0.337443,0.559845,0.600000,-0.600000,-0.600000,0.161655,-0.162335,-0.997031,-0.600000,0.608374,0.997031,-0.600000,-0.877339,0.559845,-0.600000,0.600000,-0.600000,0.024001,-0.600000,-0.239536,-0.600000,0.601200,-0.559845,-0.600000,-0.600000,-0.600000,-0.024001,0.600000,0.760633,-0.600000,-0.559845,-0.600000,-0.600000,-0.729331,-0.239536,-0.815572,-0.671973,0.601200,-0.921177,-0.600000,0.245982,-0.638893,-0.600000,0.815572,-0.047210,0.600000,-0.600000,-0.600000,-0.600000,-0.999823,-0.608374,-0.591575,0.090117,0.336326,-0.600000,0.989210,0.881065
70,1,0,0,0,W,0,25,4,1,-0.608374,-0.918593,-0.072532,1.000000,-0.600000,0.711570,-0.591575,-0.025287,-0.600000,0.161655,-0.022632,0.022632,0.908313,-0.600000,-0.337443,0.559845,0.600000,-0.600000,-0.600000,0.161655,-0.162335,-0.997204,-0.600000,0.608374,0.997204,-0.600000,-0.877339,0.559845,-0.600000,0.600000,-0.600000,0.022632,-0.600000,-0.239536,-0.600000,0.601200,-0.559845,-0.600000,-0.600000,-0.600000,-0.022632,0.600000,0.770516,-0.600000,-0.559845,-0.600000,-0.600000,-0.740063,-0.239536,-0.815572,-0.671973,0.601200,-0.921177,-0.600000,0.245982,-0.638893,-0.600000,0.815572,-0.047210,0.600000,-0.600000,-0.600000,-0.600000,-0.999842,-0.608374,-0.591575,0.085307,0.336326,-0.600000,0.989833,0.881065
71,0,0,1,1,W,0,23,3,1,-0.608374,-0.925434,-0.068589,1.000000,-0.600000,0.712609,-0.591575,-0.024797,-0.600000,0.149170,-0.020822,0.020822,0.915939,-0.600000,-0.330763,0.559845,0.600000,-0.600000,-0.600000,0.149170,-0.149807,-0.997495,-0.600000,0.608374,0.997495,-0.600000,-0.880537,0.559845,-0.600000,0.600000,-0.600000,0.020822,-0.600000,-0.234107,-0.600000,0.601200,-0.559845,-0.600000,-0.600000,-0.600000,-0.020822,0.600000,0.771400,-0.600000,-0.559845,-0.600000,-0.600000,-0.741025,-0.234107,-0.820049,-0.671985,0.601200,-0.927819,-0.600000,0.240453,-0.638893,-0.600000,0.820049,-0.041878,0.600000,-0.600000,-0.600000,-0.600000,-0.999872,-0.608374,-0.591575,0.081104,0.329657,-0.600000,0.990656,0.884179
72,0,0,1,1,stay,0,22,3,1,-0.608374,-0.932062,-0.064543,1.000000,-0.600000,0.713646,-0.591575,-0.024797,-0.600000,0.136897,-0.019439,0.019439,0.923340,-0.600000,-0.323055,0.559845,0.600000,-0.600000,-0.600000,0.136897,-0.137490,-0.997733,-0.600000,0.608374,0.997733,-0.600000,-0.884177,0.559845,-0.600000,0.600000,-0.600000,0.019439,-0.600000,-0.227882,-0.600000,0.601200,-0.559845,-0.600000,-0.600000,-0.600000,-0.019439,0.600000,0.771400,-0.600000,-0.559845,-0.600000,-0.600000,-0.741025,-0.227882,-0.825164,-0.670894,0.601200,-0.934249,-0.600000,0.234111,-0.638893,-0.600000,0.825164,-0.036946,0.600000,-0.600000,-0.600000,-0.600000,-0.999895,-0.608374,-0.591575,0.078166,0.321963,-0.600000,0.991283,0.887722
73,0,0,0,0,W,0,20,2,1,-0.608374,-0.932693,-0.059020,1.000000,-0.600000,0.707485,-0.591575,-0.023498,-0.600000,0.135718,-0.018689,0.018689,0.924046,-0.600000,-0.321962,0.559845,0.600000,-0.600000,-0.600000,0.135718,-0.136306,-0.997876,-0.600000,0.608374,0.997876,-0.600000,-0.890193,0.559845,-0.600000,0.600000,-0.600000,0.018689,-0.600000,-0.217483,-0.600000,0.601200,-0.559845,-0.600000,-0.600000,-0.600000,-0.018689,0.600000,0.771400,-0.600000,-0.559845,-0.600000,-0.600000,-0.741025,-0.217483,-0.825886,-0.677491,0.601200,-0.934862,-0.600000,0.223510,-0.638893,-0.600000,0.825886,-0.035372,0.600000,-0.600000,-0.600000,-0.600000,-0.999903,-0.608374,-0.591575,0.077806,0.320871,-0.600000,0.991623,0.893576
74,0,0,0,0,stay,1,29,2,1,-0.608374,-0.933631,-0.056832,1.000000,-0.600000,0.706457,-0.591575,-0.022266,-0.600000,0.133965,-0.017879,0.017879,0.925095,-0.600000,-0.318693,0.559845,0.600000,-0.600000,-0.600000,0.133965,-0.134547,-0.998020,-0.600000,0.608374,0.998020,-0.600000,-0.892136,0.559845,-0.600000,0.600000,-0.600000,0.017879,-0.600000,-0.214094,-0.600000,0.601200,-0.559845,-0.600000,-0.600000,-0.600000,-0.017879,0.600000,0.771400,-0.600000,-0.559845,-0.600000,-0.600000,-0.741025,-0.214094,-0.828036,-0.678590,0.601200,-0.935772,-0.600000,0.220054,-0.638893,-0.600000,0.828036,-0.034195,0.600000,-0.600000,-0.600000,-0.600000,-0.999911,-0.608374,-0.591575,0.076027,0.317609,-0.600000,0.991990,0.895467
75,0,0,0,1,W,0,27,1,1,-0.608374,-0.939292,-0.053694,1.000000,-0.600000,0.706470,-0.591575,-0.021941,-0.600000,0.123302,-0.016443,0.016443,0.931430,-0.600000,-0.312209,0.559845,0.600000,-0.600000,-0.600000,0.123302,-0.123844,-0.998226,-0.600000,0.608374,0.998226,-0.600000,-0.894995,0.559845,-0.600000,0.600000,-0.600000,0.016443,-0.600000,-0.209082,-0.600000,0.601200,-0.559845,-0.600000,-0.600000,-0.600000,-0.016443,0.600000,0.771400,-0.600000,-0.559845,-0.600000,-0.600000,-0.741025,-0.209082,-0.832273,-0.678601,0.601200,-0.941262,-0.600000,0.214941,-0.638893,-0.600000,0.832273,-0.030286,0.600000,-0.600000,-0.600000,-0.600000,-0.999927,-0.608374,-0.591575,0.072245,0.311136,-0.600000,0.992639,0.898247
76,0,0,0,1,stay,0,26,1,1,-0.608374,-0.945283,-0.050239,1.000000,-0.600000,0.707521,-0.591575,-0.021941,-0.600000,0.111874,-0.015346,0.015346,0.938145,-0.600000,-0.303677,0.559845,0.600000,-0.600000,-0.600000,0.111874,-0.112373,-0.998411,-0.600000,0.608374,0.998411,-0.600000,-0.898245,0.559845,-0.600000,0.600000,-0.600000,0.015346,-0.600000,-0.203345,-0.600000,0.601200,-0.559845,-0.600000,-0.600000,-0.600000,-0.015346,0.600000,0.771400,-0.600000,-0.559845,-0.600000,-0.600000,-0.741025,-0.203345,-0.837791,-0.677524,0.601200,-0.947069,-0.600000,0.209086,-0.638893,-0.600000,0.837791,-0.026292,0.600000,-0.600000,-0.600000,-0.600000,-0.999942,-0.608374,-0.591575,0.069929,0.302620,-0.600000,0.993135,0.901408
77,0,0,0,0,E,0,24,2,1,-0.608374,-0.945541,-0.049762,1.000000,-0.600000,0.706487,-0.591575,-0.020788,-0.600000,0.111377,-0.014535,0.014535,0.938435,-0.600000,-0.303677,0.559845,0.600000,-0.600000,-0.600000,0.111377,-0.111874,-0.998504,-0.600000,0.608374,0.998504,-0.600000,-0.898702,0.559845,-0.600000,0.600000,-0.600000,0.014535,-0.600000,-0.202535,-0.600000,0.601200,-0.559845,-0.600000,-0.600000,-0.600000,-0.014535,0.600000,0.771400,-0.600000,-0.559845,-0.600000,-0.600000,-0.741025,-0.202535,-0.837791,-0.678617,0.601200,-0.947320,-0.600000,0.208259,-0.638893,-0.600000,0.837791,-0.026037,0.600000,-0.600000,-0.600000,-0.600000,-0.999945,-0.608374,-0.591575,0.066739,0.302620,-0.600000,0.993500,0.901853
78,0,0,0,1,W,0,22,1,1,-0.608374,-0.950713,-0.046771,1.000000,-0.600000,0.707536,-0.591575,-0.020686,-0.600000,0.101383,-0.013430,0.013430,0.944242,-0.600000,-0.296320,0.559845,0.600000,-0.600000,-0.600000,0.101383,-0.101840,-0.998660,-0.600000,0.608374,0.998660,-0.600000,-0.901851,0.559845,-0.600000,0.600000,-0.600000,0.013430,-0.600000,-0.196933,-0.600000,0.601200,-0.559845,-0.600000,-0.600000,-0.600000,-0.013430,0.600000,0.771400,-0.600000,-0.559845,-0.600000,-0.600000,-0.741025,-0.196933,-0.842500,-0.677538,0.601200,-0.952331,-0.600000,0.202538,-0.638893,-0.600000,0.842500,-0.022813,0.600000,-0.600000,-0.600000,-0.600000,-0.999956,-0.608374,-0.591575,0.063685,0.295278,-0.600000,0.993998,0.904913
79,1,0,0,0,W,0,20,2,1,-0.608374,-0.950947,-0.042699,1.000000,-0.600000,0.705476,-0.591575,-0.019028,-0.600000,0.100927,-0.012781,0.012781,0.944505,-0.600000,-0.294237,0.559845,0.600000,-0.600000,-0.600000,0.100927,-0.101383,-0.998757,-0.600000,0.608374,0.998757,-0.600000,-0.907045,0.559845,-0.600000,0.600000,-0.600000,0.012781,-0.600000,-0.187602,-0.600000,0.601200,-0.559845,-0.600000,-0.600000,-0.600000,-0.012781,0.600000,0.774038,-0.600000,-0.559845,-0.600000,-0.600000,-0.743896,-0.187602,-0.843824,-0.682984,0.601200,-0.952558,-0.600000,0.193006,-0.638893,-0.600000,0.843824,-0.021936,0.600000,-0.600000,-0.600000,-0.600000,-0.999960,-0.608374,-0.591575,0.062794,0.293199,-0.600000,0.994290,0.909962
80,1,0,0,0,stay,1,29,2,1,-0.608374,-0.951180,-0.041487,1.000000,-0.600000,0.708595,-0.591575,-0.017760,-0.600000,0.100473,-0.012225,0.012225,0.944767,-0.600000,-0.291128,0.559845,0.600000,-0.600000,-0.600000,0.100473,-0.100927,-0.998829,-0.600000,0.608374,0.998829,-0.600000,-0.908305,0.559845,-0.600000,0.600000,-0.600000,0.012225,-0.600000,-0.185323,-0.600000,0.601200,-0.559845,-0.600000,-0.600000,-0.600000,-0.012225,0.600000,0.776655,-0.600000,-0.559845,-0.600000,-0.600000,-0.746747,-0.185323,-0.845794,-0.682990,0.601200,-0.952784,-0.600000,0.190677,-0.638893,-0.600000,0.845794,-0.021510,0.600000,-0.600000,-0.600000,-0.600000,-0.999963,-0.608374,-0.591575,0.061048,0.290097,-0.600000,0.994541,0.911186
81,0,0,0,0,W,0,27,3,1,-0.608374,-0.951180,-0.041487,1.000000,-0.600000,0.709627,-0.591575,-0.016658,-0.600000,0.100473,-0.011519,0.011519,0.944767,-0.600000,-0.291128,0.559845,0.600000,-0.600000,-0.600000,0.100473,-0.100927,-0.998897,-0.600000,0.608374,0.998897,-0.600000,-0.908305,0.559845,-0.600000,0.600000,-0.600000,0.011519,-0.600000,-0.185323,-0.600000,0.601200,-0.559845,-0.600000,-0.600000,-0.600000,-0.011519,0.600000,0.777522,-0.600000,-0.559845,-0.600000,-0.600000,-0.747693,-0.185323,-0.845794,-0.682990,0.601200,-0.952784,-0.600000,0.190677,-0.638893,-0.600000,0.845794,-0.021510,0.600000,-0.600000,-0.600000,-0.600000,-0.999965,-0.608374,-0.591575,0.057691,0.290097,-0.600000,0.994858,0.911186
82,0,0,0,0,W,0,25,4,1,-0.608374,-0.951180,-0.041487,1.000000,-0.600000,0.709627,-0.591575,-0.015701,-0.600000,0.100473,-0.010854,0.010854,0.944767,-0.600000,-0.291128,0.559845,0.600000,-0.600000,-0.600000,0.100473,-0.100927,-0.998962,-0.600000,0.608374,0.998962,-0.600000,-0.908305,0.559845,-0.600000,0.600000,-0.600000,0.010854,-0.600000,-0.185323,-0.600000,0.601200,-0.559845,-0.600000,-0.600000,-0.600000,-0.010854,0.600000,0.777522,-0.600000,-0.559845,-0.600000,-0.600000,-0.747693,-0.185323,-0.845794,-0.682990,0.601200,-0.952784,-0.600000,0.190677,-0.638893,-0.600000,0.845794,-0.021510,0.600000,-0.600000,-0.600000,-0.600000,-0.999967,-0.608374,-0.591575,0.054508,0.290097,-0.600000,0.995156,0.911186
83,0,0,0,0,W,0,23,5,1,-0.608374,-0.951180,-0.041487,1.000000,-0.600000,0.709627,-0.591575,-0.014798,-0.600000,0.100473,-0.010227,0.010227,0.944767,-0.600000,-0.291128,0.559845,0.600000,-0.600000,-0.600000,0.100473,-0.100927,-0.999022,-0.600000,0.608374,0.999022,-0.600000,-0.908305,0.559845,-0.600000,0.600000,-0.600000,0.010227,-0.600000,-0.185323,-0.600000,0.601200,-0.559845,-0.600000,-0.600000,-0.600000,-0.010227,0.600000,0.777522,-0.600000,-0.559845,-0.600000,-0.600000,-0.747693,-0.185323,-0.845794,-0.682990,0.601200,-0.952784,-0.600000,0.190677,-0.638893,-0.600000,0.845794,-0.021510,0.600000,-0.600000,-0.600000,-0.600000,-0.999969,-0.608374,-0.591575,0.051490,0.290097,-0.600000,0.995438,0.911186
84,0,0,0,0,W,0,21,6,1,-0.608374,-0.951180,-0.041487,1.000000,-0.600000,0.709627,-0.591575,-0.013946,-0.600000,0.100473,-0.009636,0.009636,0.944767,-0.600000,-0.291128,0.559845,0.600000,-0.600000,-0.600000,0.100473,-0.100927,-0.999079,-0.600000,0.608374,0.999079,-0.600000,-0.908305,0.559845,-0.600000,0.600000,-0.600000,0.009636,-0.600000,-0.185323,-0.600000,0.601200,-0.559845,-0.600000,-0.600000,-0.600000,-0.009636,0.600000,0.777522,-0.600000,-0.559845,-0.600000,-0.600000,-0.747693,-0.185323,-0.845794,-0.682990,0.601200,-0.952784,-0.600000,0.190677,-0.638893,-0.600000,0.845794,-0.021510,0.600000,-0.600000,-0.600000,-0.600000,-0.999971,-0.608374,-0.591575,0.048631,0.290097,-0.600000,0.995703,0.911186
85,0,0,0,0,W,0,19,7,1,-0.608374,-0.951180,-0.041487,1.000000,-0.600000,0.709627,-0.591575,-0.013143,-0.600000,0.100473,-0.009078,0.009078,0.944767,-0.600000,-0.291128,0.559845,0.600000,-0.600000,-0.600000,0.100473,-0.100927,-0.999133,-0.600000,0.608374,0.999133,-0.600000,-0.908305,0.559845,-0.600000,0.600000,-0.600000,0.009078,-0.600000,-0.185323,-0.600000,0.601200,-0.559845,-0.600000,-0.600000,-0.600000,-0.009078,0.600000,0.777522,-0.600000,-0.559845,-0.600000,-0.600000,-0.747693,-0.185323,-0.845794,-0.682990,0.601200,-0.952784,-0.600000,0.190677,-0.638893,-0.600000,0.845794,-0.021510,0.600000,-0.600000,-0.600000,-0.600000,-0.999973,-0.608374,-0.591575,0.045923,0.290097,-0.600000,0.995953,0.911186
86,0,0,0,1,W,0,17,8,1,-0.608374,-0.955842,-0.038972,1.000000,-0.600000,0.710670,-0.591575,-0.013078,-0.600000,0.091356,-0.008385,0.008385,0.950008,-0.600000,-0.283951,0.559845,0.600000,-0.600000,-0.600000,0.091356,-0.091773,-0.999223,-0.600000,0.608374,0.999223,-0.600000,-0.911184,0.559845,-0.600000,0.600000,-0.600000,0.008385,-0.600000,-0.180088,-0.600000,0.601200,-0.559845,-0.600000,-0.600000,-0.600000,-0.008385,0.600000,0.777522,-0.600000,-0.559845,-0.600000,-0.600000,-0.747693,-0.180088,-0.850312,-0.681920,0.601200,-0.957299,-0.600000,0.185326,-0.638893,-0.600000,0.850312,-0.018836,0.600000,-0.600000,-0.600000,-0.600000,-0.999978,-0.608374,-0.591575,0.043777,0.282935,-0.600000,0.996264,0.913984
87,0,0,0,1,W,0,15,9,1,-0.608374,-0.958511,-0.035554,1.000000,-0.600000,0.704472,-0.591575,-0.013078,-0.600000,0.086091,-0.007978,0.007978,0.953013,-0.600000,-0.282934,0.559845,0.600000,-0.600000,-0.600000,0.086091,-0.086486,-0.999272,-0.600000,0.608374,0.999272,-0.600000,-0.915931,0.559845,-0.600000,0.600000,-0.600000,0.007978,-0.600000,-0.171385,-0.600000,0.601200,-0.559845,-0.600000,-0.600000,-0.600000,-0.007978,0.600000,0.777522,-0.600000,-0.559845,-0.600000,-0.600000,-0.747693,-0.171385,-0.850948,-0.688399,0.601200,-0.959884,-0.600000,0.176423,-0.638893,-0.600000,0.850948,-0.017067,0.600000,-0.600000,-0.600000,-0.600000,-0.999981,-0.608374,-0.591575,0.043152,0.281921,-0.600000,0.996446,0.918594
88,0,0,0,1,stay,1,29,9,1,-0.608374,-0.962137,-0.033386,1.000000,-0.600000,0.704484,-0.591575,-0.013078,-0.600000,0.078890,-0.007441,0.007441,0.957098,-0.600000,-0.276881,0.559845,0.600000,-0.600000,-0.600000,0.078890,-0.079255,-0.999338,-0.600000,0.608374,0.999338,-0.600000,-0.918593,0.559845,-0.600000,0.600000,-0.600000,0.007441,-0.600000,-0.166463,-0.600000,0.601200,-0.559845,-0.600000,-0.600000,-0.600000,-0.007441,0.600000,0.777522,-0.600000,-0.559845,-0.600000,-0.600000,-0.747693,-0.166463,-0.854720,-0.688411,0.601200,-0.963394,-0.600000,0.171387,-0.638893,-0.600000,0.854720,-0.015085,0.600000,-0.600000,-0.600000,-0.600000,-0.999984,-0.608374,-0.591575,0.041526,0.275881,-0.600000,0.996686,0.921179
89,0,0,0,0,W,0,27,10,1,-0.608374,-0.962319,-0.030442,1.000000,-0.600000,0.698209,-0.591575,-0.012324,-0.600000,0.078527,-0.007151,0.007151,0.957303,-0.600000,-0.275880,0.559845,0.600000,-0.600000,-0.600000,0.078527,-0.078890,-0.999380,-0.600000,0.608374,0.999380,-0.600000,-0.922977,0.559845,-0.600000,0.600000,-0.600000,0.007151,-0.600000,-0.158290,-0.600000,0.601200,-0.559845,-0.600000,-0.600000,-0.600000,-0.007151,0.600000,0.777522,-0.600000,-0.559845,-0.600000,-0.600000,-0.747693,-0.158290,-0.855341,-0.694817,0.601200,-0.963571,-0.600000,0.163020,-0.638893,-0.600000,0.855341,-0.014501,0.600000,-0.600000,-0.600000,-0.600000,-0.999985,-0.608374,-0.591575,0.041327,0.274882,-0.600000,0.996816,0.925436
90,0,0,0,0,stay,1,29,10,1,-0.608374,-0.962500,-0.029856,1.000000,-0.600000,0.697158,-0.591575,-0.011670,-0.600000,0.078165,-0.006838,0.006838,0.957507,-0.600000,-0.274881,0.559845,0.600000,-0.600000,-0.600000,0.078165,-0.078527,-0.999416,-0.600000,0.608374,0.999416,-0.600000,-0.923687,0.559845,-0.600000,0.600000,-0.600000,0.006838,-0.600000,-0.156960,-0.600000,0.601200,-0.559845,-0.600000,-0.600000,-0.600000,-0.006838,0.600000,0.777522,-0.600000,-0.559845,-0.600000,-0.600000,-0.747693,-0.156960,-0.855960,-0.695880,0.601200,-0.963746,-0.600000,0.161658,-0.638893,-0.600000,0.855960,-0.014287,0.600000,-0.600000,-0.600000,-0.600000,-0.999986,-0.608374,-0.591575,0.039960,0.273885,-0.600000,0.996956,0.926124
91,0,0,0,0,W,0,27,11,1,-0.608374,-0.962500,-0.029856,1.000000,-0.600000,0.697158,-0.591575,-0.010997,-0.600000,0.078165,-0.006441,0.006441,0.957507,-0.600000,-0.274881,0.559845,0.600000,-0.600000,-0.600000,0.078165,-0.078527,-0.999450,-0.600000,0.608374,0.999450,-0.600000,-0.923687,0.559845,-0.600000,0.600000,-0.600000,0.006441,-0.600000,-0.156960,-0.600000,0.601200,-0.559845,-0.600000,-0.600000,-0.600000,-0.006441,0.600000,0.777522,-0.600000,-0.559845,-0.600000,-0.600000,-0.747693,-0.156960,-0.855960,-0.695880,0.601200,-0.963746,-0.600000,0.161658,-0.638893,-0.600000,0.855960,-0.014287,0.600000,-0.600000,-0.600000,-0.600000,-0.999987,-0.608374,-0.591575,0.037715,0.273885,-0.600000,0.997133,0.926124
92,0,0,0,0,W,0,25,12,1,-0.608374,-0.962500,-0.029856,1.000000,-0.600000,0.697158,-0.591575,-0.010361,-0.600000,0.078165,-0.006067,0.006067,0.957507,-0.600000,-0.274881,0.559845,0.600000,-0.600000,-0.600000,0.078165,-0.078527,-0.999482,-0.600000,0.608374,0.999482,-0.600000,-0.923687,0.559845,-0.600000,0.600000,-0.600000,0.006067,-0.600000,-0.156960,-0.600000,0.601200,-0.559845,-0.600000,-0.600000,-0.600000,-0.006067,0.600000,0.777522,-0.600000,-0.559845,-0.600000,-0.600000,-0.747693,-0.156960,-0.855960,-0.695880,0.601200,-0.963746,-0.600000,0.161658,-0.638893,-0.600000,0.855960,-0.014287,0.600000,-0.600000,-0.600000,-0.600000,-0.999988,-0.608374,-0.591575,0.035592,0.273885,-0.600000,0.997300,0.926124
93,0,0,0,0,W,0,23,13,1,-0.608374,-0.962500,-0.029856,1.000000,-0.600000,0.697158,-0.591575,-0.009762,-0.600000,0.078165,-0.005715,0.005715,0.957507,-0.600000,-0.274881,0.559845,0.600000,-0.600000,-0.600000,0.078165,-0.078527,-0.999513,-0.600000,0.608374,0.999513,-0.600000,-0.923687,0.559845,-0.600000,0.600000,-0.600000,0.005715,-0.600000,-0.156960,-0.600000,0.601200,-0.559845,-0.600000,-0.600000,-0.600000,-0.005715,0.600000,0.777522,-0.600000,-0.559845,-0.600000,-0.600000,-0.747693,-0.156960,-0.855960,-0.695880,0.601200,-0.963746,-0.600000,0.161658,-0.638893,-0.600000,0.855960,-0.014287,0.600000,-0.600000,-0.600000,-0.600000,-0.999988,-0.608374,-0.591575,0.033585,0.273885,-0.600000,0.997457,0.926124
94,0,0,0,0,W,0,21,14,1,-0.608374,-0.962500,-0.029856,1.000000,-0.600000,0.697158,-0.591575,-0.009198,-0.600000,0.078165,-0.005383,0.005383,0.957507,-0.600000,-0.274881,0.559845,0.600000,-0.600000,-0.600000,0.078165,-0.078527,-0.999541,-0.600000,0.608374,0.999541,-0.600000,-0.923687,0.559845,-0.600000,0.600000,-0.600000,0.005383,-0.600000,-0.156960,-0.600000,0.601200,-0.559845,-0.600000,-0.600000,-0.600000,-0.005383,0.600000,0.777522,-0.600000,-0.559845,-0.600000,-0.600000,-0.747693,-0.156960,-0.855960,-0.695880,0.601200,-0.963746,-0.600000,0.161658,-0.638893,-0.600000,0.855960,-0.014287,0.600000,-0.600000,-0.600000,-0.600000,-0.999989,-0.608374,-0.591575,0.031687,0.273885,-0.600000,0.997605,0.926124
95,0,0,0,0,W,0,19,15,1,-0.608374,-0.962500,-0.029856,1.000000,-0.600000,0.697158,-0.591575,-0.008666,-0.600000,0.078165,-0.005071,0.005071,0.957507,-0.600000,-0.274881,0.559845,0.600000,-0.600000,-0.600000,0.078165,-0.078527,-0.999568,-0.600000,0.608374,0.999568,-0.600000,-0.923687,0.559845,-0.600000,0.600000,-0.600000,0.005071,-0.600000,-0.156960,-0.600000,0.601200,-0.559845,-0.600000,-0.600000,-0.600000,-0.005071,0.600000,0.777522,-0.600000,-0.559845,-0.600000,-0.600000,-0.747693,-0.156960,-0.855960,-0.695880,0.601200,-0.963746,-0.600000,0.161658,-0.638893,-0.600000,0.855960,-0.014287,0.600000,-0.600000,-0.600000,-0.600000,-0.999990,-0.608374,-0.591575,0.029892,0.273885,-0.600000,0.997745,0.926124
96,0,0,0,0,W,0,17,16,1,-0.608374,-0.962500,-0.029856,1.000000,-0.600000,0.697158,-0.591575,-0.008164,-0.600000,0.078165,-0.004776,0.004776,0.957507,-0.600000,-0.274881,0.559845,0.600000,-0.600000,-0.600000,0.078165,-0.078527,-0.999593,-0.600000,0.608374,0.999593,-0.600000,-0.923687,0.559845,-0.600000,0.600000,-0.600000,0.004776,-0.600000,-0.156960,-0.600000,0.601200,-0.559845,-0.600000,-0.600000,-0.600000,-0.004776,0.600000,0.777522,-0.600000,-0.559845,-0.600000,-0.600000,-0.747693,-0.156960,-0.855960,-0.695880,0.601200,-0.963746,-0.600000,0.161658,-0.638893,-0.600000,0.855960,-0.014287,0.600000,-0.600000,-0.600000,-0.600000,-0.999990,-0.608374,-0.591575,0.028197,0.273885,-0.600000,0.997876,0.926124
97,0,0,1,1,W,0,15,17,1,-0.608374,-0.965121,-0.028576,1.000000,-0.600000,0.698222,-0.591575,-0.008083,-0.600000,0.072918,-0.004432,0.004432,0.960272,-0.600000,-0.269920,0.558612,0.600000,-0.600000,-0.600000,0.072918,-0.073258,-0.999628,-0.600000,0.608374,0.999628,-0.600000,-0.925434,0.558612,-0.600000,0.600000,-0.600000,0.004432,-0.600000,-0.153675,-0.600000,0.601200,-0.558612,-0.600000,-0.600000,-0.600000,-0.004432,0.600000,0.777522,-0.600000,-0.558612,-0.600000,-0.600000,-0.746749,-0.153675,-0.859020,-0.694830,0.601200,-0.966283,-0.600000,0.158293,-0.640047,-0.600000,0.859020,-0.013005,0.600000,-0.600000,-0.600000,-0.600000,-0.999992,-0.608374,-0.591575,0.026725,0.268936,-0.600000,0.998029,0.927820
98,0,0,0,0,W,0,13,18,1,-0.608374,-0.965457,-0.026045,1.000000,-0.600000,0.691871,-0.591575,-0.007653,-0.600000,0.072244,-0.004280,0.004280,0.960653,-0.600000,-0.268935,0.558612,0.600000,-0.600000,-0.600000,0.072244,-0.072580,-0.999652,-0.600000,0.608374,0.999652,-0.600000,-0.929479,0.558612,-0.600000,0.600000,-0.600000,0.004280,-0.600000,-0.146019,-0.600000,0.601200,-0.558612,-0.600000,-0.600000,-0.600000,-0.004280,0.600000,0.777522,-0.600000,-0.558612,-0.600000,-0.600000,-0.746749,-0.146019,-0.859626,-0.701162,0.601200,-0.966608,-0.600000,0.150448,-0.640047,-0.600000,0.859626,-0.012438,0.600000,-0.600000,-0.600000,-0.600000,-0.999992,-0.608374,-0.591575,0.026725,0.267953,-0.600000,0.998097,0.931745
99,0,0,0,0,stay,1,29,18,1,-0.608374,-0.966119,-0.024925,1.000000,-0.600000,0.691880,-0.591575,-0.007281,-0.600000,0.070912,-0.004092,0.004092,0.961403,-0.600000,-0.265017,0.558612,0.600000,-0.600000,-0.600000,0.070912,-0.071243,-0.999675,-0.600000,0.608374,0.999675,-0.600000,-0.931103,0.558612,-0.600000,0.600000,-0.600000,0.004092,-0.600000,-0.142924,-0.600000,0.601200,-0.558612,-0.600000,-0.600000,-0.600000,-0.004092,0.600000,0.777522,-0.600000,-0.558612,-0.600000,-0.600000,-0.746749,-0.142924,-0.862026,-0.701170,0.601200,-0.967249,-0.600000,0.147275,-0.640047,-0.600000,0.862026,-0.011955,0.600000,-0.600000,-0.600000,-0.600000,-0.999993,-0.608374,-0.591575,0.026081,0.264044,-0.600000,0.998181,0.933321
100,0,0,0,0,W,0,27,19,1,-0.608374,-0.966119,-0.024925,1.000000,-0.600000,0.691880,-0.591575,-0.006859,-0.600000,0.070912,-0.003854,0.003854,0.961403,-0.600000,-0.265017,0.558612,0.600000,-0.600000,-0.600000,0.070912,-0.071243,-0.999694,-0.600000,0.608374,0.999694,-0.600000,-0.931103,0.558612,-0.600000,0.600000,-0.600000,0.003854,-0.600000,-0.142924,-0.600000,0.601200,-0.558612,-0.600000,-0.600000,-0.600000,-0.003854,0.600000,0.777522,-0.600000,-0.558612,-0.600000,-0.600000,-0.746749,-0.142924,-0.862026,-0.701170,0.601200,-0.967249,-0.600000,0.147275,-0.640047,-0.600000,0.862026,-0.011955,0.600000,-0.600000,-0.600000,-0.600000,-0.999993,-0.608374,-0.591575,0.024596,0.264044,-0.600000,0.998287,0.933321
101,0,0,0,0,W,0,25,20,1,-0.608374,-0.966119,-0.024925,1.000000,-0.600000,0.691880,-0.591575,-0.006461,-0.600000,0.070912,-0.003629,0.003629,0.961403,-0.600000,-0.265017,0.558612,0.600000,-0.600000,-0.600000,0.070912,-0.071243,-0.999712,-0.600000,0.608374,0.999712,-0.600000,-0.931103,0.558612,-0.600000,0.600000,-0.600000,0.003629,-0.600000,-0.142924,-0.600000,0.601200,-0.558612,-0.600000,-0.600000,-0.600000,-0.003629,0.600000,0.777522,-0.600000,-0.558612,-0.600000,-0.600000,-0.746749,-0.142924,-0.862026,-0.701170,0.601200,-0.967249,-0.600000,0.147275,-0.640047,-0.600000,0.862026,-0.011955,0.600000,-0.600000,-0.600000,-0.600000,-0.999994,-0.608374,-0.591575,0.023193,0.264044,-0.600000,0.998387,0.933321
102,0,0,1,0,W,0,23,21,1,-0.608374,-0.966119,-0.024925,1.000000,-0.600000,0.691880,-0.591575,-0.006086,-0.600000,0.070912,-0.003418,0.003418,0.961403,-0.600000,-0.265017,0.558612,0.600000,-0.600000,-0.600000,0.070912,-0.071243,-0.999729,-0.600000,0.608374,0.999729,-0.600000,-0.931103,0.558612,-0.600000,0.600000,-0.600000,0.003418,-0.600000,-0.142924,-0.600000,0.601200,-0.558612,-0.600000,-0.600000,-0.600000,-0.003418,0.600000,0.777522,-0.600000,-0.558612,-0.600000,-0.600000,-0.746749,-0.142924,-0.862026,-0.701170,0.601200,-0.967249,-0.600000,0.147275,-0.640047,-0.600000,0.862026,-0.011955,0.600000,-0.600000,-0.600000,-0.600000,-0.999994,-0.608374,-0.591575,0.021869,0.264044,-0.600000,0.998481,0.933321
103,0,0,0,0,W,0,21,22,1,-0.608374,-0.966119,-0.024925,1.000000,-0.600000,0.691880,-0.591575,-0.005733,-0.600000,0.070912,-0.003219,0.003219,0.961403,-0.600000,-0.265017,0.558612,0.600000,-0.600000,-0.600000,0.070912,-0.071243,-0.999745,-0.600000,0.608374,0.999745,-0.600000,-0.931103,0.558612,-0.600000,0.600000,-0.600000,0.003219,-0.600000,-0.142924,-0.600000,0.601200,-0.558612,-0.600000,-0.600000,-0.600000,-0.003219,0.600000,0.777522,-0.600000,-0.558612,-0.600000,-0.600000,-0.746749,-0.142924,-0.862026,-0.701170,0.601200,-0.967249,-0.600000,0.147275,-0.640047,-0.600000,0.862026,-0.011955,0.600000,-0.600000,-0.600000,-0.600000,-0.999995,-0.608374,-0.591575,0.020619,0.264044,-0.600000,0.998569,0.933321
104,0,0,1,0,W,0,19,23,1,-0.608374,-0.966119,-0.024925,1.000000,-0.600000,0.691880,-0.591575,-0.005400,-0.600000,0.070912,-0.003032,0.003032,0.961403,-0.600000,-0.265017,0.558612,0.600000,-0.600000,-0.600000,0.070912,-0.071243,-0.999760,-0.600000,0.608374,0.999760,-0.600000,-0.931103,0.558612,-0.600000,0.600000,-0.600000,0.003032,-0.600000,-0.142924,-0.600000,0.601200,-0.558612,-0.600000,-0.600000,-0.600000,-0.003032,0.600000,0.777522,-0.600000,-0.558612,-0.600000,-0.600000,-0.746749,-0.142924,-0.862026,-0.701170,0.601200,-0.967249,-0.600000,0.147275,-0.640047,-0.600000,0.862026,-0.011955,0.600000,-0.600000,-0.600000,-0.600000,-0.999995,-0.608374,-0.591575,0.019439,0.264044,-0.600000,0.998653,0.933321
105,0,0,0,0,W,0,17,24,1,-0.608374,-0.966119,-0.024925,1.000000,-0.600000,0.691880,-0.591575,-0.005087,-0.600000,0.070912,-0.002856,0.002856,0.961403,-0.600000,-0.265017,0.558612,0.600000,-0.600000,-0.600000,0.070912,-0.071243,-0.999774,-0.600000,0.608374,0.999774,-0.600000,-0.931103,0.558612,-0.600000,0.600000,-0.600000,0.002856,-0.600000,-0.142924,-0.600000,0.601200,-0.558612,-0.600000,-0.600000,-0.600000,-0.002856,0.600000,0.777522,-0.600000,-0.558612,-0.600000,-0.600000,-0.746749,-0.142924,-0.862026,-0.701170,0.601200,-0.967249,-0.600000,0.147275,-0.640047,-0.600000,0.862026,-0.011955,0.600000,-0.600000,-0.600000,-0.600000,-0.999995,-0.608374,-0.591575,0.018325,0.264044,-0.600000,0.998731,0.933321
106,0,0,0,0,W,0,15,25,1,-0.608374,-0.966119,-0.024925,1.000000,-0.600000,0.691880,-0.591575,-0.004791,-0.600000,0.070912,-0.002689,0.002689,0.961403,-0.600000,-0.265017,0.558612,0.600000,-0.600000,-0.600000,0.070912,-0.071243,-0.999787,-0.600000,0.608374,0.999787,-0.600000,-0.931103,0.558612,-0.600000,0.600000,-0.600000,0.002689,-0.600000,-0.142924,-0.600000,0.601200,-0.558612,-0.600000,-0.600000,-0.600000,-0.002689,0.600000,0.777522,-0.600000,-0.558612,-0.600000,-0.600000,-0.746749,-0.142924,-0.862026,-0.701170,0.601200,-0.967249,-0.600000,0.147275,-0.640047,-0.600000,0.862026,-0.011955,0.600000,-0.600000,-0.600000,-0.600000,-0.999995,-0.608374,-0.591575,0.017274,0.264044,-0.600000,0.998805,0.933321
107,0,0,0,1,W,0,13,26,1,-0.608374,-0.967090,-0.024562,1.000000,-0.600000,0.692948,-0.591575,-0.004627,-0.600000,0.068956,-0.002533,0.002533,0.962504,-0.600000,-0.263071,0.558612,0.600000,-0.600000,-0.600000,0.068956,-0.069279,-0.999800,-0.600000,0.608374,0.999800,-0.600000,-0.931744,0.558612,-0.600000,0.600000,-0.600000,0.002533,-0.600000,-0.141701,-0.600000,0.601200,-0.558612,-0.600000,-0.600000,-0.600000,-0.002533,0.600000,0.777522,-0.600000,-0.558612,-0.600000,-0.600000,-0.746749,-0.141701,-0.863213,-0.700125,0.601200,-0.968189,-0.600000,0.146022,-0.640047,-0.600000,0.863213,-0.011547,0.600000,-0.600000,-0.600000,-0.600000,-0.999996,-0.608374,-0.591575,0.016362,0.262103,-0.600000,0.998875,0.933942
108,0,0,0,0,W,0,11,27,1,-0.608374,-0.967249,-0.022598,1.000000,-0.600000,0.687610,-0.591575,-0.004380,-0.600000,0.068635,-0.002421,0.002421,0.962684,-0.600000,-0.262102,0.558612,0.600000,-0.600000,-0.600000,0.068635,-0.068956,-0.999812,-0.600000,0.608374,0.999812,-0.600000,-0.935167,0.558612,-0.600000,0.600000,-0.600000,0.002421,-0.600000,-0.135131,-0.600000,0.601200,-0.558612,-0.600000,-0.600000,-0.600000,-0.002421,0.600000,0.777522,-0.600000,-0.558612,-0.600000,-0.600000,-0.746749,-0.135131,-0.863804,-0.705355,0.601200,-0.968343,-0.600000,0.139284,-0.640047,-0.600000,0.863804,-0.011153,0.600000,-0.600000,-0.600000,-0.600000,-0.999996,-0.608374,-0.591575,0.016122,0.261136,-0.600000,0.998925,0.937262
109,0,0,0,0,stay,1,29,27,1,-0.608374,-0.967408,-0.022269,1.000000,-0.600000,0.687612,-0.591575,-0.004146,-0.600000,0.068316,-0.002303,0.002303,0.962864,-0.600000,-0.261135,0.558612,0.600000,-0.600000,-0.600000,0.068316,-0.068635,-0.999823,-0.600000,0.608374,0.999823,-0.600000,-0.935772,0.558612,-0.600000,0.600000,-0.600000,0.002303,-0.600000,-0.133965,-0.600000,0.601200,-0.558612,-0.600000,-0.600000,-0.600000,-0.002303,0.600000,0.777522,-0.600000,-0.558612,-0.600000,-0.600000,-0.746749,-0.133965,-0.864392,-0.705357,0.601200,-0.968496,-0.600000,0.138087,-0.640047,-0.600000,0.864392,-0.011043,0.600000,-0.600000,-0.600000,-0.600000,-0.999996,-0.608374,-0.591575,0.015422,0.260171,-0.600000,0.998977,0.937849
110,0,0,0,0,E,0,27,25,1,-0.608374,-0.967408,-0.022269,1.000000,-0.600000,0.687612,-0.591575,-0.003905,-0.600000,0.068316,-0.002169,0.002169,0.962864,-0.600000,-0.261135,0.558612,0.600000,-0.600000,-0.600000,0.068316,-0.068635,-0.999833,-0.600000,0.608374,0.999833,-0.600000,-0.935772,0.558612,-0.600000,0.600000,-0.600000,0.002169,-0.600000,-0.133965,-0.600000,0.601200,-0.558612,-0.600000,-0.600000,-0.600000,-0.002169,0.600000,0.777522,-0.600000,-0.558612,-0.600000,-0.600000,-0.746749,-0.133965,-0.864392,-0.705357,0.601200,-0.968496,-0.600000,0.138087,-0.640047,-0.600000,0.864392,-0.011043,0.600000,-0.600000,-0.600000,-0.600000,-0.999997,-0.608374,-0.591575,0.014535,0.260171,-0.600000,0.999037,0.937849
111,0,0,0,0,W,0,25,24,1,-0.608374,-0.967408,-0.022269,1.000000,-0.600000,0.687612,-0.591575,-0.003677,-0.600000,0.068316,-0.002043,0.002043,0.962864,-0.600000,-0.261135,0.558612,0.600000,-0.600000,-0.600000,0.068316,-0.068635,-0.999843,-0.600000,0.608374,0.999843,-0.600000,-0.935772,0.558612,-0.600000,0.600000,-0.600000,0.002043,-0.600000,-0.133965,-0.600000,0.601200,-0.558612,-0.600000,-0.600000,-0.600000,-0.002043,0.600000,0.777522,-0.600000,-0.558612,-0.600000,-0.600000,-0.746749,-0.133965,-0.864392,-0.705357,0.601200,-0.968496,-0.600000,0.138087,-0.640047,-0.600000,0.864392,-0.011043,0.600000,-0.600000,-0.600000,-0.600000,-0.999997,-0.608374,-0.591575,0.013698,0.260171,-0.600000,0.999093,0.937849
112,0,0,0,0,W,0,23,23,1,-0.608374,-0.967408,-0.022269,1.000000,-0.600000,0.687612,-0.591575,-0.003464,-0.600000,0.068316,-0.001924,0.001924,0.962864,-0.600000,-0.261135,0.558612,0.600000,-0.600000,-0.600000,0.068316,-0.068635,-0.999852,-0.600000,0.608374,0.999852,-0.600000,-0.935772,0.558612,-0.600000,0.600000,-0.600000,0.001924,-0.600000,-0.133965,-0.600000,0.601200,-0.558612,-0.600000,-0.600000,-0.600000,-0.001924,0.600000,0.777522,-0.600000,-0.558612,-0.600000,-0.600000,-0.746749,-0.133965,-0.864392,-0.705357,0.601200,-0.968496,-0.600000,0.138087,-0.640047,-0.600000,0.864392,-0.011043,0.600000,-0.600000,-0.600000,-0.600000,-0.999997,-0.608374,-0.591575,0.012909,0.260171,-0.600000,0.999146,0.937849
113,0,0,0,0,W,0,21,22,1,-0.608374,-0.967408,-0.022269,1.000000,-0.600000,0.687612,-0.591575,-0.003262,-0.600000,0.068316,-0.001812,0.001812,0.962864,-0.600000,-0.261135,0.558612,0.600000,-0.600000,-0.600000,0.068316,-0.068635,-0.999861,-0.600000,0.608374,0.999861,-0.600000,-0.935772,0.558612,-0.600000,0.600000,-0.600000,0.001812,-0.600000,-0.133965,-0.600000,0.601200,-0.558612,-0.600000,-0.600000,-0.600000,-0.001812,0.600000,0.777522,-0.600000,-0.558612,-0.600000,-0.600000,-0.746749,-0.133965,-0.864392,-0.705357,0.601200,-0.968496,-0.600000,0.138087,-0.640047,-0.600000,0.864392,-0.011043,0.600000,-0.600000,-0.600000,-0.600000,-0.999997,-0.608374,-0.591575,0.012164,0.260171,-0.600000,0.999196,0.937849
114,0,0,0,1,W,0,19,21,1,-0.608374,-0.969400,-0.021518,1.000000,-0.600000,0.688692,-0.591575,-0.003230,-0.600000,0.064284,-0.001706,0.001706,0.965125,-0.600000,-0.257290,0.558612,0.600000,-0.600000,-0.600000,0.064284,-0.064587,-0.999871,-0.600000,0.608374,0.999871,-0.600000,-0.936966,0.558612,-0.600000,0.600000,-0.600000,0.001706,-0.600000,-0.131657,-0.600000,0.601200,-0.558612,-0.600000,-0.600000,-0.600000,-0.001706,0.600000,0.777522,-0.600000,-0.558612,-0.600000,-0.600000,-0.746749,-0.131657,-0.866723,-0.704324,0.601200,-0.970424,-0.600000,0.135720,-0.640047,-0.600000,0.866723,-0.010200,0.600000,-0.600000,-0.600000,-0.600000,-0.999998,-0.608374,-0.591575,0.011634,0.256335,-0.600000,0.999243,0.939007
115,0,0,0,0,W,0,17,20,1,-0.608374,-0.969549,-0.019890,1.000000,-0.600000,0.684394,-0.591575,-0.003057,-0.600000,0.063984,-0.001639,0.001639,0.965293,-0.600000,-0.256334,0.558612,0.600000,-0.600000,-0.600000,0.063984,-0.064284,-0.999878,-0.600000,0.608374,0.999878,-0.600000,-0.940144,0.558612,-0.600000,0.600000,-0.600000,0.001639,-0.600000,-0.125484,-0.600000,0.601200,-0.558612,-0.600000,-0.600000,-0.600000,-0.001639,0.600000,0.777522,-0.600000,-0.558612,-0.600000,-0.600000,-0.746749,-0.125484,-0.867301,-0.708478,0.601200,-0.970568,-0.600000,0.129385,-0.640047,-0.600000,0.867301,-0.009901,0.600000,-0.600000,-0.600000,-0.600000,-0.999998,-0.608374,-0.591575,0.011462,0.255382,-0.600000,0.999272,0.942089
116,0,0,0,0,stay,1,29,20,1,-0.608374,-0.969696,-0.019407,1.000000,-0.600000,0.684398,-0.591575,-0.002893,-0.600000,0.063684,-0.001559,0.001559,0.965460,-0.600000,-0.254430,0.558612,0.600000,-0.600000,-0.600000,0.063684,-0.063984,-0.999885,-0.600000,0.608374,0.999885,-0.600000,-0.940984,0.558612,-0.600000,0.600000,-0.600000,0.001559,-0.600000,-0.123844,-0.600000,0.601200,-0.558612,-0.600000,-0.600000,-0.600000,-0.001559,0.600000,0.777522,-0.600000,-0.558612,-0.600000,-0.600000,-0.746749,-0.123844,-0.868450,-0.708483,0.601200,-0.970711,-0.600000,0.127702,-0.640047,-0.600000,0.868450,-0.009755,0.600000,-0.600000,-0.600000,-0.600000,-0.999998,-0.608374,-0.591575,0.011017,0.253483,-0.600000,0.999308,0.942904
117,0,0,0,0,W,0,27,19,1,-0.608374,-0.969696,-0.019407,1.000000,-0.600000,0.684398,-0.591575,-0.002725,-0.600000,0.063684,-0.001468,0.001468,0.965460,-0.600000,-0.254430,0.558612,0.600000,-0.600000,-0.600000,0.063684,-0.063984,-0.999892,-0.600000,0.608374,0.999892,-0.600000,-0.940984,0.558612,-0.600000,0.600000,-0.600000,0.001468,-0.600000,-0.123844,-0.600000,0.601200,-0.558612,-0.600000,-0.600000,-0.600000,-0.001468,0.600000,0.777522,-0.600000,-0.558612,-0.600000,-0.600000,-0.746749,-0.123844,-0.868450,-0.708483,0.601200,-0.970711,-0.600000,0.127702,-0.640047,-0.600000,0.868450,-0.009755,0.600000,-0.600000,-0.600000,-0.600000,-0.999998,-0.608374,-0.591575,0.010380,0.253483,-0.600000,0.999348,0.942904
118,0,0,0,0,W,0,25,18,1,-0.608374,-0.969696,-0.019407,1.000000,-0.600000,0.684398,-0.591575,-0.002566,-0.600000,0.063684,-0.001383,0.001383,0.965460,-0.600000,-0.254430,0.558612,0.600000,-0.600000,-0.600000,0.063684,-0.063984,-0.999898,-0.600000,0.608374,0.999898,-0.600000,-0.940984,0.558612,-0.600000,0.600000,-0.600000,0.001383,-0.600000,-0.123844,-0.600000,0.601200,-0.558612,-0.600000,-0.600000,-0.600000,-0.001383,0.600000,0.777522,-0.600000,-0.558612,-0.600000,-0.600000,-0.746749,-0.123844,-0.868450,-0.708483,0.601200,-0.970711,-0.600000,0.127702,-0.640047,-0.600000,0.868450,-0.009755,0.600000,-0.600000,-0.600000,-0.600000,-0.999998,-0.608374,-0.591575,0.009780,0.253483,-0.600000,0.999386,0.942904
119,0,0,0,0,W,0,23,17,1,-0.608374,-0.969696,-0.019407,1.000000,-0.600000,0.684398,-0.591575,-0.002417,-0.600000,0.063684,-0.001302,0.001302,0.965460,-0.600000,-0.254430,0.558612,0.600000,-0.600000,-0.600000,0.063684,-0.063984,-0.999904,-0.600000,0.608374,0.999904,-0.600000,-0.940984,0.558612,-0.600000,0.600000,-0.600000,0.001302,-0.600000,-0.123844,-0.600000,0.601200,-0.558612,-0.600000,-0.600000,-0.600000,-0.001302,0.600000,0.777522,-0.600000,-0.558612,-0.600000,-0.600000,-0.746749,-0.123844,-0.868450,-0.708483,0.601200,-0.970711,-0.600000,0.127702,-0.640047,-0.600000,0.868450,-0.009755,0.600000,-0.600000,-0.600000,-0.600000,-0.999998,-0.608374,-0.591575,0.009215,0.253483,-0.600000,0.999422,0.942904
120,1,0,0,0,W,0,21,16,1,-0.608374,-0.969696,-0.019407,1.000000,-0.600000,0.696167,-0.591575,-0.002154,-0.600000,0.063684,-0.001226,0.001226,0.965460,-0.600000,-0.254430,0.558612,0.600000,-0.600000,-0.600000,0.063684,-0.063984,-0.999910,-0.600000,0.608374,0.999910,-0.600000,-0.940984,0.558612,-0.600000,0.600000,-0.600000,0.001226,-0.600000,-0.123844,-0.600000,0.601200,-0.558612,-0.600000,-0.600000,-0.600000,-0.001226,0.600000,0.786904,-0.600000,-0.558612,-0.600000,-0.600000,-0.757022,-0.123844,-0.868450,-0.708483,0.601200,-0.970711,-0.600000,0.127702,-0.640047,-0.600000,0.868450,-0.009755,0.600000,-0.600000,-0.600000,-0.600000,-0.999998,-0.608374,-0.591575,0.008681,0.253483,-0.600000,0.999456,0.942904
121,0,0,1,0,W,0,19,15,1,-0.608374,-0.969696,-0.019407,1.000000,-0.600000,0.697224,-0.591575,-0.002018,-0.600000,0.063684,-0.001155,0.001155,0.965460,-0.600000,-0.254430,0.558612,0.600000,-0.600000,-0.600000,0.063684,-0.063984,-0.999915,-0.600000,0.608374,0.999915,-0.600000,-0.940984,0.558612,-0.600000,0.600000,-0.600000,0.001155,-0.600000,-0.123844,-0.600000,0.601200,-0.558612,-0.600000,-0.600000,-0.600000,-0.001155,0.600000,0.787742,-0.600000,-0.558612,-0.600000,-0.600000,-0.757941,-0.123844,-0.868450,-0.708483,0.601200,-0.970711,-0.600000,0.127702,-0.640047,-0.600000,0.868450,-0.009755,0.600000,-0.600000,-0.600000,-0.600000,-0.999998,-0.608374,-0.591575,0.008179,0.253483,-0.600000,0.999488,0.942904
122,1,0,1,0,W,0,17,14,1,-0.608374,-0.969696,-0.019407,1.000000,-0.600000,0.708719,-0.591575,-0.001798,-0.600000,0.063684,-0.001087,0.001087,0.965460,-0.600000,-0.254430,0.558612,0.600000,-0.600000,-0.600000,0.063684,-0.063984,-0.999920,-0.600000,0.608374,0.999920,-0.600000,-0.940984,0.558612,-0.600000,0.600000,-0.600000,0.001087,-0.600000,-0.123844,-0.600000,0.601200,-0.558612,-0.600000,-0.600000,-0.600000,-0.001087,0.600000,0.796806,-0.600000,-0.558612,-0.600000,-0.600000,-0.767901,-0.123844,-0.868450,-0.708483,0.601200,-0.970711,-0.600000,0.127702,-0.640047,-0.600000,0.868450,-0.009755,0.600000,-0.600000,-0.600000,-0.600000,-0.999999,-0.608374,-0.591575,0.007705,0.253483,-0.600000,0.999517,0.942904
123,1,0,0,0,W,0,15,13,1,-0.608374,-0.969696,-0.019407,1.000000,-0.600000,0.720961,-0.591575,-0.001594,-0.600000,0.063684,-0.001024,0.001024,0.965460,-0.600000,-0.254430,0.558612,0.600000,-0.600000,-0.600000,0.063684,-0.063984,-0.999925,-0.600000,0.608374,0.999925,-0.600000,-0.940984,0.558612,-0.600000,0.600000,-0.600000,0.001024,-0.600000,-0.123844,-0.600000,0.601200,-0.558612,-0.600000,-0.600000,-0.600000,-0.001024,0.600000,0.806362,-0.600000,-0.558612,-0.600000,-0.600000,-0.778437,-0.123844,-0.868450,-0.708483,0.601200,-0.970711,-0.600000,0.127702,-0.640047,-0.600000,0.868450,-0.009755,0.600000,-0.600000,-0.600000,-0.600000,-0.999999,-0.608374,-0.591575,0.007259,0.253483,-0.600000,0.999546,0.942904
124,0,0,1,0,W,0,13,12,1,-0.608374,-0.969696,-0.019407,1.000000,-0.600000,0.721967,-0.591575,-0.001494,-0.600000,0.063684,-0.000964,0.000964,0.965460,-0.600000,-0.254430,0.558612,0.600000,-0.600000,-0.600000,0.063684,-0.063984,-0.999929,-0.600000,0.608374,0.999929,-0.600000,-0.940984,0.558612,-0.600000,0.600000,-0.600000,0.000964,-0.600000,-0.123844,-0.600000,0.601200,-0.558612,-0.600000,-0.600000,-0.600000,-0.000964,0.600000,0.807142,-0.600000,-0.558612,-0.600000,-0.600000,-0.779299,-0.123844,-0.868450,-0.708483,0.601200,-0.970711,-0.600000,0.127702,-0.640047,-0.600000,0.868450,-0.009755,0.600000,-0.600000,-0.600000,-0.600000,-0.999999,-0.608374,-0.591575,0.006838,0.253483,-0.600000,0.999572,0.942904
125,0,0,0,0,W,0,11,11,1,-0.608374,-0.969696,-0.019407,1.000000,-0.600000,0.721967,-0.591575,-0.001407,-0.600000,0.063684,-0.000908,0.000908,0.965460,-0.600000,-0.254430,0.558612,0.600000,-0.600000,-0.600000,0.063684,-0.063984,-0.999933,-0.600000,0.608374,0.999933,-0.600000,-0.940984,0.558612,-0.600000,0.600000,-0.600000,0.000908,-0.600000,-0.123844,-0.600000,0.601200,-0.558612,-0.600000,-0.600000,-0.600000,-0.000908,0.600000,0.807142,-0.600000,-0.558612,-0.600000,-0.600000,-0.779299,-0.123844,-0.868450,-0.708483,0.601200,-0.970711,-0.600000,0.127702,-0.640047,-0.600000,0.868450,-0.009755,0.600000,-0.600000,-0.600000,-0.600000,-0.999999,-0.608374,-0.591575,0.006441,0.253483,-0.600000,0.999597,0.942904
126,0,0,0,0,W,0,9,10,1,-0.608374,-0.969696,-0.019407,1.000000,-0.600000,0.721967,-0.591575,-0.001325,-0.600000,0.063684,-0.000855,0.000855,0.965460,-0.600000,-0.254430,0.558612,0.600000,-0.600000,-0.600000,0.063684,-0.063984,-0.999937,-0.600000,0.608374,0.999937,-0.600000,-0.940984,0.558612,-0.600000,0.600000,-0.600000,0.000855,-0.600000,-0.123844,-0.600000,0.601200,-0.558612,-0.600000,-0.600000,-0.600000,-0.000855,0.600000,0.807142,-0.600000,-0.558612,-0.600000,-0.600000,-0.779299,-0.123844,-0.868450,-0.708483,0.601200,-0.970711,-0.600000,0.127702,-0.640047,-0.600000,0.868450,-0.009755,0.600000,-0.600000,-0.600000,-0.600000,-0.999999,-0.608374,-0.591575,0.006067,0.253483,-0.600000,0.999621,0.942904
127,0,0,0,0,W,0,7,9,1,-0.608374,-0.969696,-0.019407,1.000000,-0.600000,0.721967,-0.591575,-0.001247,-0.600000,0.063684,-0.000805,0.000805,0.965460,-0.600000,-0.254430,0.558612,0.600000,-0.600000,-0.600000,0.063684,-0.063984,-0.999941,-0.600000,0.608374,0.999941,-0.600000,-0.940984,0.558612,-0.600000,0.600000,-0.600000,0.000805,-0.600000,-0.123844,-0.600000,0.601200,-0.558612,-0.600000,-0.600000,-0.600000,-0.000805,0.600000,0.807142,-0.600000,-0.558612,-0.600000,-0.600000,-0.779299,-0.123844,-0.868450,-0.708483,0.601200,-0.970711,-0.600000,0.127702,-0.640047,-0.600000,0.868450,-0.009755,0.600000,-0.600000,-0.600000,-0.600000,-0.999999,-0.608374,-0.591575,0.005715,0.253483,-0.600000,0.999643,0.942904
128,0,0,1,0,W,0,5,8,1,-0.608374,-0.969696,-0.019407,1.000000,-0.600000,0.721967,-0.591575,-0.001175,-0.600000,0.063684,-0.000758,0.000758,0.965460,-0.600000,-0.254430,0.558612,0.600000,-0.600000,-0.600000,0.063684,-0.063984,-0.999944,-0.600000,0.608374,0.999944,-0.600000,-0.940984,0.558612,-0.600000,0.600000,-0.600000,0.000758,-0.600000,-0.123844,-0.600000,0.601200,-0.558612,-0.600000,-0.600000,-0.600000,-0.000758,0.600000,0.807142,-0.600000,-0.558612,-0.600000,-0.600000,-0.779299,-0.123844,-0.868450,-0.708483,0.601200,-0.970711,-0.600000,0.127702,-0.640047,-0.600000,0.868450,-0.009755,0.600000,-0.600000,-0.600000,-0.600000,-0.999999,-0.608374,-0.591575,0.005383,0.253483,-0.600000,0.999664,0.942904
129,0,0,0,0,W,0,3,7,1,-0.608374,-0.969696,-0.019407,1.000000,-0.600000,0.721967,-0.591575,-0.001106,-0.600000,0.063684,-0.000714,0.000714,0.965460,-0.600000,-0.254430,0.558612,0.600000,-0.600000,-0.600000,0.063684,-0.063984,-0.999948,-0.600000,0.608374,0.999948,-0.600000,-0.940984,0.558612,-0.600000,0.600000,-0.600000,0.000714,-0.600000,-0.123844,-0.600000,0.601200,-0.558612,-0.600000,-0.600000,-0.600000,-0.000714,0.600000,0.807142,-0.600000,-0.558612,-0.600000,-0.600000,-0.779299,-0.123844,-0.868450,-0.708483,0.601200,-0.970711,-0.600000,0.127702,-0.640047,-0.600000,0.868450,-0.009755,0.600000,-0.600000,-0.600000,-0.600000,-0.999999,-0.608374,-0.591575,0.005071,0.253483,-0.600000,0.999683,0.942904
130,0,0,0,0,W,0,1,6,1,-0.608374,-0.969696,-0.019407,1.000000,-0.600000,0.721967,-0.591575,-0.001042,-0.600000,0.063684,-0.000672,0.000672,0.965460,-0.600000,-0.254430,0.558612,0.600000,-0.600000,-0.600000,0.063684,-0.063984,-0.999951,-0.600000,0.608374,0.999951,-0.600000,-0.940984,0.558612,-0.600000,0.600000,-0.600000,0.000672,-0.600000,-0.123844,-0.600000,0.601200,-0.558612,-0.600000,-0.600000,-0.600000,-0.000672,0.600000,0.807142,-0.600000,-0.558612,-0.600000,-0.600000,-0.779299,-0.123844,-0.868450,-0.708483,0.601200,-0.970711,-0.600000,0.127702,-0.640047,-0.600000,0.868450,-0.009755,0.600000,-0.600000,-0.600000,-0.600000,-0.999999,-0.608374,-0.591575,0.004776,0.253483,-0.600000,0.999702,0.942904
131,0,0,0,0,W,0,0,5,1,-0.608374,-0.969696,-0.019407,1.000000,-0.600000,0.721967,-0.591575,-0.000981,-0.600000,0.063684,-0.000633,0.000633,0.965460,-0.600000,-0.254430,0.558612,0.600000,-0.600000,-0.600000,0.063684,-0.063984,-0.999954,-0.600000,0.608374,0.999954,-0.600000,-0.940984,0.558612,-0.600000,0.600000,-0.600000,0.000633,-0.600000,-0.123844,-0.600000,0.601200,-0.558612,-0.600000,-0.600000,-0.600000,-0.000633,0.600000,0.807142,-0.600000,-0.558612,-0.600000,-0.600000,-0.779299,-0.123844,-0.868450,-0.708483,0.601200,-0.970711,-0.600000,0.127702,-0.640047,-0.600000,0.868450,-0.009755,0.600000,-0.600000,-0.600000,-0.600000,-0.999999,-0.608374,-0.591575,0.004499,0.253483,-0.600000,0.999719,0.942904
