tick,conn_0_5,conn_0_6,conn_0_7,conn_0_8,conn_0_9,conn_1_5,conn_1_6,conn_1_7,conn_1_8,conn_1_9,conn_2_5,conn_2_6,conn_2_7,conn_2_8,conn_2_9,conn_3_5,conn_3_6,conn_3_7,conn_3_8,conn_3_9,conn_4_5,conn_4_6,conn_4_7,conn_4_8,conn_4_9,conn_10_5,conn_10_6,conn_10_7,conn_10_8,conn_10_9
0,1.000000,0.600000,0.600000,0.600000,0.600000,-0.600000,0.600000,0.600000,0.600000,0.600000,-0.600000,0.600000,0.600000,0.600000,0.600000,-0.600000,0.600000,0.600000,0.600000,0.600000,-0.600000,0.600000,0.600000,0.600000,0.600000,0.600000,0.600000,0.600000,0.600000,0.600000
1,1.000000,0.600000,0.600000,0.600000,0.600000,-0.613131,0.626116,0.626116,0.626116,0.626116,-0.600000,0.600000,0.600000,0.600000,0.600000,-0.600000,0.600000,0.600000,0.600000,0.600000,-0.600000,0.600000,0.600000,0.600000,0.600000,0.626116,0.626116,0.626116,0.626116,0.626116
2,1.000000,0.626116,0.626116,0.626116,0.626116,-0.614317,0.628457,0.628457,0.628457,0.628457,-0.600000,0.600000,0.600000,0.600000,0.600000,-0.600000,0.600000,0.600000,0.600000,0.600000,-0.613131,0.626116,0.626116,0.626116,0.626116,0.653794,0.653794,0.653794,0.653794,0.653794
3,1.000000,0.628457,0.628457,0.628457,0.628457,-0.614317,0.628457,0.628457,0.628457,0.628457,-0.600000,0.600000,0.600000,0.600000,0.600000,-0.600000,0.600000,0.600000,0.600000,0.600000,-0.627272,0.653794,0.653794,0.653794,0.653794,0.680475,0.680475,0.680475,0.680475,0.680475
4,1.000000,0.653794,0.653794,0.653794,0.653794,-0.627272,0.653794,0.653794,0.653794,0.653794,-0.600000,0.600000,0.600000,0.600000,0.600000,-0.600000,0.600000,0.600000,0.600000,0.600000,-0.628441,0.656057,0.656057,0.656057,0.656057,0.706032,0.706032,0.706032,0.706032,0.706032
5,1.000000,0.656057,0.656057,0.656057,0.656057,-0.641199,0.680475,0.680475,0.680475,0.680475,-0.600000,0.600000,0.600000,0.600000,0.600000,-0.600000,0.600000,0.600000,0.600000,0.600000,-0.628441,0.656057,0.656057,0.656057,0.656057,0.730360,0.730360,0.730360,0.730360,0.730360
6,1.000000,0.656057,0.656057,0.656057,0.656057,-0.654892,0.706032,0.706032,0.706032,0.706032,-0.600000,0.600000,0.600000,0.600000,0.600000,-0.600000,0.600000,0.600000,0.600000,0.600000,-0.628441,0.656057,0.656057,0.656057,0.656057,0.753384,0.753384,0.753384,0.753384,0.753384
7,1.000000,0.656057,0.656057,0.656057,0.656057,-0.668335,0.730360,0.730360,0.730360,0.730360,-0.600000,0.600000,0.600000,0.600000,0.600000,-0.600000,0.600000,0.600000,0.600000,0.600000,-0.628441,0.656057,0.656057,0.656057,0.656057,0.775052,0.775052,0.775052,0.775052,0.775052
8,1.000000,0.680475,0.680475,0.680475,0.680475,-0.669443,0.732330,0.732330,0.732330,0.732330,-0.600000,0.600000,0.600000,0.600000,0.600000,-0.600000,0.600000,0.600000,0.600000,0.600000,-0.641199,0.680475,0.680475,0.680475,0.680475,0.795338,0.795338,0.795338,0.795338,0.795338
9,1.000000,0.682650,0.682650,0.682650,0.682650,-0.669443,0.732330,0.732330,0.732330,0.732330,-0.600000,0.600000,0.600000,0.600000,0.600000,-0.600000,0.600000,0.600000,0.600000,0.600000,-0.654892,0.706032,0.706032,0.706032,0.706032,0.814236,0.814236,0.814236,0.814236,0.814236
10,1.000000,0.682650,0.682650,0.682650,0.682650,-0.669443,0.732330,0.732330,0.732330,0.732330,-0.600000,0.600000,0.600000,0.600000,0.600000,-0.600000,0.600000,0.600000,0.600000,0.600000,-0.656023,0.708108,0.708108,0.708108,0.708108,0.831761,0.831761,0.831761,0.831761,0.831761
11,1.000000,0.682650,0.682650,0.682650,0.682650,-0.669443,0.732330,0.732330,0.732330,0.732330,-0.600000,0.600000,0.600000,0.600000,0.600000,-0.600000,0.600000,0.600000,0.600000,0.600000,-0.656023,0.708108,0.708108,0.708108,0.708108,0.847945,0.847945,0.847945,0.847945,0.847945
12,1.000000,0.682650,0.682650,0.682650,0.682650,-0.669443,0.732330,0.732330,0.732330,0.732330,-0.600000,0.600000,0.600000,0.600000,0.600000,-0.600000,0.600000,0.600000,0.600000,0.600000,-0.656023,0.708108,0.708108,0.708108,0.708108,0.862830,0.862830,0.862830,0.862830,0.862830
13,1.000000,0.682650,0.682650,0.682650,0.682650,-0.669443,0.732330,0.732330,0.732330,0.732330,-0.600000,0.600000,0.600000,0.600000,0.600000,-0.600000,0.600000,0.600000,0.600000,0.600000,-0.656023,0.708108,0.708108,0.708108,0.708108,0.876473,0.876473,0.876473,0.876473,0.876473
14,1.000000,0.682650,0.682650,0.682650,0.682650,-0.669443,0.732330,0.732330,0.732330,0.732330,-0.600000,0.600000,0.600000,0.600000,0.600000,-0.600000,0.600000,0.600000,0.600000,0.600000,-0.656023,0.708108,0.708108,0.708108,0.708108,0.888935,0.888935,0.888935,0.888935,0.888935
15,1.000000,0.682650,0.682650,0.682650,0.682650,-0.669443,0.732330,0.732330,0.732330,0.732330,-0.600000,0.600000,0.600000,0.600000,0.600000,-0.600000,0.600000,0.600000,0.600000,0.600000,-0.656023,0.708108,0.708108,0.708108,0.708108,0.900284,0.900284,0.900284,0.900284,0.900284
16,1.000000,0.682650,0.682650,0.682650,0.682650,-0.669443,0.732330,0.732330,0.732330,0.732330,-0.600000,0.600000,0.600000,0.600000,0.600000,-0.600000,0.600000,0.600000,0.600000,0.600000,-0.656023,0.708108,0.708108,0.708108,0.708108,0.910591,0.910591,0.910591,0.910591,0.910591
17,1.000000,0.682650,0.682650,0.682650,0.682650,-0.669443,0.732330,0.732330,0.732330,0.732330,-0.613131,0.626116,0.626116,0.626116,0.626116,-0.600000,0.600000,0.600000,0.600000,0.600000,-0.656023,0.708108,0.708108,0.708108,0.708108,0.919928,0.919928,0.919928,0.919928,0.919928
18,1.000000,0.682650,0.682650,0.682650,0.682650,-0.669443,0.732330,0.732330,0.732330,0.732330,-0.614317,0.628457,0.628457,0.628457,0.628457,-0.600000,0.600000,0.600000,0.600000,0.600000,-0.668335,0.730360,0.730360,0.730360,0.730360,0.928368,0.928368,0.928368,0.928368,0.928368
19,1.000000,0.706032,0.706032,0.706032,0.706032,-0.669443,0.732330,0.732330,0.732330,0.732330,-0.627272,0.653794,0.653794,0.653794,0.653794,-0.600000,0.600000,0.600000,0.600000,0.600000,-0.669443,0.732330,0.732330,0.732330,0.732330,0.935980,0.935980,0.935980,0.935980,0.935980
20,1.000000,0.708108,0.708108,0.708108,0.708108,-0.669443,0.732330,0.732330,0.732330,0.732330,-0.641199,0.680475,0.680475,0.680475,0.680475,-0.600000,0.600000,0.600000,0.600000,0.600000,-0.669443,0.732330,0.732330,0.732330,0.732330,0.942834,0.942834,0.942834,0.942834,0.942834
21,1.000000,0.730360,0.730360,0.730360,0.730360,-0.669443,0.732330,0.732330,0.732330,0.732330,-0.642349,0.682650,0.682650,0.682650,0.682650,-0.600000,0.600000,0.600000,0.600000,0.600000,-0.669443,0.732330,0.732330,0.732330,0.732330,0.948995,0.948995,0.948995,0.948995,0.948995
22,1.000000,0.732330,0.732330,0.732330,0.732330,-0.669443,0.732330,0.732330,0.732330,0.732330,-0.642349,0.682650,0.682650,0.682650,0.682650,-0.600000,0.600000,0.600000,0.600000,0.600000,-0.669443,0.732330,0.732330,0.732330,0.732330,0.954524,0.954524,0.954524,0.954524,0.954524
23,1.000000,0.732330,0.732330,0.732330,0.732330,-0.669443,0.732330,0.732330,0.732330,0.732330,-0.642349,0.682650,0.682650,0.682650,0.682650,-0.600000,0.600000,0.600000,0.600000,0.600000,-0.669443,0.732330,0.732330,0.732330,0.732330,0.959479,0.959479,0.959479,0.959479,0.959479
24,1.000000,0.732330,0.732330,0.732330,0.732330,-0.669443,0.732330,0.732330,0.732330,0.732330,-0.642349,0.682650,0.682650,0.682650,0.682650,-0.600000,0.600000,0.600000,0.600000,0.600000,-0.669443,0.732330,0.732330,0.732330,0.732330,0.963915,0.963915,0.963915,0.963915,0.963915
25,1.000000,0.732330,0.732330,0.732330,0.732330,-0.669443,0.732330,0.732330,0.732330,0.732330,-0.642349,0.682650,0.682650,0.682650,0.682650,-0.600000,0.600000,0.600000,0.600000,0.600000,-0.669443,0.732330,0.732330,0.732330,0.732330,0.967882,0.967882,0.967882,0.967882,0.967882
26,1.000000,0.732330,0.732330,0.732330,0.732330,-0.669443,0.732330,0.732330,0.732330,0.732330,-0.642349,0.682650,0.682650,0.682650,0.682650,-0.600000,0.600000,0.600000,0.600000,0.600000,-0.669443,0.732330,0.732330,0.732330,0.732330,0.971426,0.971426,0.971426,0.971426,0.971426
27,1.000000,0.732330,0.732330,0.732330,0.732330,-0.669443,0.732330,0.732330,0.732330,0.732330,-0.642349,0.682650,0.682650,0.682650,0.682650,-0.600000,0.600000,0.600000,0.600000,0.600000,-0.669443,0.732330,0.732330,0.732330,0.732330,0.974589,0.974589,0.974589,0.974589,0.974589
28,1.000000,0.732330,0.732330,0.732330,0.732330,-0.669443,0.732330,0.732330,0.732330,0.732330,-0.642349,0.682650,0.682650,0.682650,0.682650,-0.600000,0.600000,0.600000,0.600000,0.600000,-0.669443,0.732330,0.732330,0.732330,0.732330,0.977410,0.977410,0.977410,0.977410,0.977410
29,1.000000,0.732330,0.732330,0.732330,0.732330,-0.669443,0.732330,0.732330,0.732330,0.732330,-0.642349,0.682650,0.682650,0.682650,0.682650,-0.600000,0.600000,0.600000,0.600000,0.600000,-0.669443,0.732330,0.732330,0.732330,0.732330,0.979925,0.979925,0.979925,0.979925,0.979925
30,1.000000,0.732330,0.732330,0.732330,0.732330,-0.669443,0.732330,0.732330,0.732330,0.732330,-0.642349,0.682650,0.682650,0.682650,0.682650,-0.600000,0.600000,0.600000,0.600000,0.600000,-0.669443,0.732330,0.732330,0.732330,0.732330,0.982164,0.982164,0.982164,0.982164,0.982164
31,1.000000,0.732330,0.732330,0.732330,0.732330,-0.669443,0.732330,0.732330,0.732330,0.732330,-0.642349,0.682650,0.682650,0.682650,0.682650,-0.600000,0.600000,0.600000,0.600000,0.600000,-0.669443,0.732330,0.732330,0.732330,0.732330,0.984158,0.984158,0.984158,0.984158,0.984158
32,1.000000,0.732330,0.732330,0.732330,0.732330,-0.669443,0.732330,0.732330,0.732330,0.732330,-0.642349,0.682650,0.682650,0.682650,0.682650,-0.600000,0.600000,0.600000,0.600000,0.600000,-0.669443,0.732330,0.732330,0.732330,0.732330,0.985933,0.985933,0.985933,0.985933,0.985933
33,1.000000,0.732330,0.732330,0.732330,0.732330,-0.669443,0.732330,0.732330,0.732330,0.732330,-0.642349,0.682650,0.682650,0.682650,0.682650,-0.600000,0.600000,0.600000,0.600000,0.600000,-0.669443,0.732330,0.732330,0.732330,0.732330,0.987511,0.987511,0.987511,0.987511,0.987511
34,1.000000,0.732330,0.732330,0.732330,0.732330,-0.669443,0.732330,0.732330,0.732330,0.732330,-0.642349,0.682650,0.682650,0.682650,0.682650,-0.600000,0.600000,0.600000,0.600000,0.600000,-0.681509,0.753384,0.753384,0.753384,0.753384,0.988914,0.988914,0.988914,0.988914,0.988914
35,1.000000,0.753384,0.753384,0.753384,0.753384,-0.681509,0.753384,0.753384,0.753384,0.753384,-0.642349,0.682650,0.682650,0.682650,0.682650,-0.600000,0.600000,0.600000,0.600000,0.600000,-0.682594,0.755242,0.755242,0.755242,0.755242,0.990161,0.990161,0.990161,0.990161,0.990161
36,1.000000,0.755242,0.755242,0.755242,0.755242,-0.694400,0.775052,0.775052,0.775052,0.775052,-0.654892,0.706032,0.706032,0.706032,0.706032,-0.600000,0.600000,0.600000,0.600000,0.600000,-0.682594,0.755242,0.755242,0.755242,0.755242,0.991269,0.991269,0.991269,0.991269,0.991269
37,1.000000,0.755242,0.755242,0.755242,0.755242,-0.706995,0.795338,0.795338,0.795338,0.795338,-0.656023,0.708108,0.708108,0.708108,0.708108,-0.600000,0.600000,0.600000,0.600000,0.600000,-0.682594,0.755242,0.755242,0.755242,0.755242,0.992253,0.992253,0.992253,0.992253,0.992253
38,1.000000,0.755242,0.755242,0.755242,0.755242,-0.708031,0.796965,0.796965,0.796965,0.796965,-0.656023,0.708108,0.708108,0.708108,0.708108,-0.600000,0.600000,0.600000,0.600000,0.600000,-0.682594,0.755242,0.755242,0.755242,0.755242,0.993127,0.993127,0.993127,0.993127,0.993127
39,1.000000,0.755242,0.755242,0.755242,0.755242,-0.708031,0.796965,0.796965,0.796965,0.796965,-0.656023,0.708108,0.708108,0.708108,0.708108,-0.600000,0.600000,0.600000,0.600000,0.600000,-0.682594,0.755242,0.755242,0.755242,0.755242,0.993903,0.993903,0.993903,0.993903,0.993903
40,1.000000,0.755242,0.755242,0.755242,0.755242,-0.708031,0.796965,0.796965,0.796965,0.796965,-0.656023,0.708108,0.708108,0.708108,0.708108,-0.600000,0.600000,0.600000,0.600000,0.600000,-0.682594,0.755242,0.755242,0.755242,0.755242,0.994592,0.994592,0.994592,0.994592,0.994592
41,1.000000,0.755242,0.755242,0.755242,0.755242,-0.708031,0.796965,0.796965,0.796965,0.796965,-0.656023,0.708108,0.708108,0.708108,0.708108,-0.600000,0.600000,0.600000,0.600000,0.600000,-0.682594,0.755242,0.755242,0.755242,0.755242,0.995204,0.995204,0.995204,0.995204,0.995204
42,1.000000,0.755242,0.755242,0.755242,0.755242,-0.708031,0.796965,0.796965,0.796965,0.796965,-0.656023,0.708108,0.708108,0.708108,0.708108,-0.600000,0.600000,0.600000,0.600000,0.600000,-0.682594,0.755242,0.755242,0.755242,0.755242,0.995746,0.995746,0.995746,0.995746,0.995746
43,1.000000,0.755242,0.755242,0.755242,0.755242,-0.708031,0.796965,0.796965,0.796965,0.796965,-0.656023,0.708108,0.708108,0.708108,0.708108,-0.600000,0.600000,0.600000,0.600000,0.600000,-0.682594,0.755242,0.755242,0.755242,0.755242,0.996228,0.996228,0.996228,0.996228,0.996228
44,1.000000,0.755242,0.755242,0.755242,0.755242,-0.708031,0.796965,0.796965,0.796965,0.796965,-0.656023,0.708108,0.708108,0.708108,0.708108,-0.600000,0.600000,0.600000,0.600000,0.600000,-0.682594,0.755242,0.755242,0.755242,0.755242,0.996655,0.996655,0.996655,0.996655,0.996655
45,1.000000,0.755242,0.755242,0.755242,0.755242,-0.708031,0.796965,0.796965,0.796965,0.796965,-0.656023,0.708108,0.708108,0.708108,0.708108,-0.600000,0.600000,0.600000,0.600000,0.600000,-0.682594,0.755242,0.755242,0.755242,0.755242,0.997034,0.997034,0.997034,0.997034,0.997034
46,1.000000,0.755242,0.755242,0.755242,0.755242,-0.708031,0.796965,0.796965,0.796965,0.796965,-0.656023,0.708108,0.708108,0.708108,0.708108,-0.600000,0.600000,0.600000,0.600000,0.600000,-0.682594,0.755242,0.755242,0.755242,0.755242,0.997370,0.997370,0.997370,0.997370,0.997370
47,1.000000,0.755242,0.755242,0.755242,0.755242,-0.708031,0.796965,0.796965,0.796965,0.796965,-0.656023,0.708108,0.708108,0.708108,0.708108,-0.600000,0.600000,0.600000,0.600000,0.600000,-0.682594,0.755242,0.755242,0.755242,0.755242,0.997668,0.997668,0.997668,0.997668,0.997668
48,1.000000,0.755242,0.755242,0.755242,0.755242,-0.708031,0.796965,0.796965,0.796965,0.796965,-0.656023,0.708108,0.708108,0.708108,0.708108,-0.600000,0.600000,0.600000,0.600000,0.600000,-0.682594,0.755242,0.755242,0.755242,0.755242,0.997932,0.997932,0.997932,0.997932,0.997932
49,1.000000,0.755242,0.755242,0.755242,0.755242,-0.708031,0.796965,0.796965,0.796965,0.796965,-0.656023,0.708108,0.708108,0.708108,0.708108,-0.600000,0.600000,0.600000,0.600000,0.600000,-0.682594,0.755242,0.755242,0.755242,0.755242,0.998167,0.998167,0.998167,0.998167,0.998167
50,1.000000,0.755242,0.755242,0.755242,0.755242,-0.708031,0.796965,0.796965,0.796965,0.796965,-0.656023,0.708108,0.708108,0.708108,0.708108,-0.600000,0.600000,0.600000,0.600000,0.600000,-0.682594,0.755242,0.755242,0.755242,0.755242,0.998375,0.998375,0.998375,0.998375,0.998375
51,1.000000,0.755242,0.755242,0.755242,0.755242,-0.708031,0.796965,0.796965,0.796965,0.796965,-0.656023,0.708108,0.708108,0.708108,0.708108,-0.600000,0.600000,0.600000,0.600000,0.600000,-0.682594,0.755242,0.755242,0.755242,0.755242,0.998559,0.998559,0.998559,0.998559,0.998559
52,1.000000,0.755242,0.755242,0.755242,0.755242,-0.708031,0.796965,0.796965,0.796965,0.796965,-0.656023,0.708108,0.708108,0.708108,0.708108,-0.600000,0.600000,0.600000,0.600000,0.600000,-0.682594,0.755242,0.755242,0.755242,0.755242,0.998723,0.998723,0.998723,0.998723,0.998723
53,1.000000,0.755242,0.755242,0.755242,0.755242,-0.708031,0.796965,0.796965,0.796965,0.796965,-0.656023,0.708108,0.708108,0.708108,0.708108,-0.600000,0.600000,0.600000,0.600000,0.600000,-0.682594,0.755242,0.755242,0.755242,0.755242,0.998868,0.998868,0.998868,0.998868,0.998868
54,1.000000,0.755242,0.755242,0.755242,0.755242,-0.708031,0.796965,0.796965,0.796965,0.796965,-0.656023,0.708108,0.708108,0.708108,0.708108,-0.600000,0.600000,0.600000,0.600000,0.600000,-0.682594,0.755242,0.755242,0.755242,0.755242,0.998996,0.998996,0.998996,0.998996,0.998996
55,1.000000,0.755242,0.755242,0.755242,0.755242,-0.708031,0.796965,0.796965,0.796965,0.796965,-0.656023,0.708108,0.708108,0.708108,0.708108,-0.600000,0.600000,0.600000,0.600000,0.600000,-0.682594,0.755242,0.755242,0.755242,0.755242,0.999110,0.999110,0.999110,0.999110,0.999110
56,1.000000,0.755242,0.755242,0.755242,0.755242,-0.708031,0.796965,0.796965,0.796965,0.796965,-0.656023,0.708108,0.708108,0.708108,0.708108,-0.600000,0.600000,0.600000,0.600000,0.600000,-0.682594,0.755242,0.755242,0.755242,0.755242,0.999211,0.999211,0.999211,0.999211,0.999211
57,1.000000,0.755242,0.755242,0.755242,0.755242,-0.708031,0.796965,0.796965,0.796965,0.796965,-0.656023,0.708108,0.708108,0.708108,0.708108,-0.600000,0.600000,0.600000,0.600000,0.600000,-0.682594,0.755242,0.755242,0.755242,0.755242,0.999301,0.999301,0.999301,0.999301,0.999301
58,1.000000,0.755242,0.755242,0.755242,0.755242,-0.708031,0.796965,0.796965,0.796965,0.796965,-0.656023,0.708108,0.708108,0.708108,0.708108,-0.600000,0.600000,0.600000,0.600000,0.600000,-0.682594,0.755242,0.755242,0.755242,0.755242,0.999380,0.999380,0.999380,0.999380,0.999380
59,1.000000,0.755242,0.755242,0.755242,0.755242,-0.708031,0.796965,0.796965,0.796965,0.796965,-0.656023,0.708108,0.708108,0.708108,0.708108,-0.600000,0.600000,0.600000,0.600000,0.600000,-0.682594,0.755242,0.755242,0.755242,0.755242,0.999450,0.999450,0.999450,0.999450,0.999450
60,1.000000,0.755242,0.755242,0.755242,0.755242,-0.708031,0.796965,0.796965,0.796965,0.796965,-0.656023,0.708108,0.708108,0.708108,0.708108,-0.600000,0.600000,0.600000,0.600000,0.600000,-0.682594,0.755242,0.755242,0.755242,0.755242,0.999513,0.999513,0.999513,0.999513,0.999513
61,1.000000,0.755242,0.755242,0.755242,0.755242,-0.708031,0.796965,0.796965,0.796965,0.796965,-0.656023,0.708108,0.708108,0.708108,0.708108,-0.600000,0.600000,0.600000,0.600000,0.600000,-0.682594,0.755242,0.755242,0.755242,0.755242,0.999568,0.999568,0.999568,0.999568,0.999568
62,1.000000,0.755242,0.755242,0.755242,0.755242,-0.708031,0.796965,0.796965,0.796965,0.796965,-0.656023,0.708108,0.708108,0.708108,0.708108,-0.600000,0.600000,0.600000,0.600000,0.600000,-0.682594,0.755242,0.755242,0.755242,0.755242,0.999617,0.999617,0.999617,0.999617,0.999617
63,1.000000,0.755242,0.755242,0.755242,0.755242,-0.708031,0.796965,0.796965,0.796965,0.796965,-0.656023,0.708108,0.708108,0.708108,0.708108,-0.600000,0.600000,0.600000,0.600000,0.600000,-0.682594,0.755242,0.755242,0.755242,0.755242,0.999661,0.999661,0.999661,0.999661,0.999661
