tick,energy,eats,distance,conn_1_6_weight,food_north_sensed,moved_north
0,30,0,0,0.100000,0,0
1,29,0,0,0.110879,0,0
2,29,1,0,0.122716,0,0
3,27,1,1,0.123701,0,0
4,29,2,1,0.123701,0,0
5,27,2,2,0.123701,0,0
6,29,3,2,0.123701,0,0
7,27,3,3,0.123701,0,0
8,25,3,4,0.123701,0,0
9,23,3,5,0.123701,0,1
10,21,3,6,0.123701,0,0
11,19,3,7,0.123701,0,0
12,17,3,8,0.123701,0,0
13,15,3,9,0.123701,0,0
14,29,4,9,0.123701,0,0
15,27,4,10,0.123701,0,0
16,29,5,10,0.123701,0,0
17,27,5,11,0.123701,0,0
18,25,5,12,0.123701,0,0
19,23,5,13,0.123701,0,1
20,21,5,14,0.123701,0,0
21,19,5,15,0.123701,0,1
22,17,5,16,0.123701,0,0
23,15,5,17,0.123701,0,0
24,13,5,18,0.123701,0,0
25,11,5,19,0.123701,0,0
26,9,5,20,0.123701,0,0
27,7,5,21,0.123701,0,1
28,5,5,22,0.144326,1,1
29,4,5,22,0.162880,1,0
30,2,5,23,0.163853,0,0
31,0,5,24,0.179385,1,1
