src,tgt,weight_initial,weight_final_run_0001
0,5,1.0,1.0
0,6,0.6,0.6284567640822447
0,7,0.6,0.6284567640822447
0,8,0.6,0.6284567640822447
0,9,0.6,0.6284567640822447
1,5,-0.6,-0.6
1,6,0.6,0.6
1,7,0.6,0.6
1,8,0.6,0.6
1,9,0.6,0.6
2,5,-0.6,-0.614317457409269
2,6,0.6,0.6284567640822447
2,7,0.6,0.6284567640822447
2,8,0.6,0.6284567640822447
2,9,0.6,0.6284567640822447
3,5,-0.6,-0.614317457409269
3,6,0.6,0.6284567640822447
3,7,0.6,0.6284567640822447
3,8,0.6,0.6284567640822447
3,9,0.6,0.6284567640822447
4,5,-0.6,-0.6
4,6,0.6,0.6
4,7,0.6,0.6
4,8,0.6,0.6
4,9,0.6,0.6
10,5,0.6,0.9859326653629411
10,6,0.6,0.9859326653629411
10,7,0.6,0.9859326653629411
10,8,0.6,0.9859326653629411
10,9,0.6,0.9859326653629411
